Acronym,Definition,Description,Tags,Grade
AAITPC,American Association of Independent Tax Preparation Contractors,A professional organization that represents and advocates for independent tax preparers across the United States. AAITPC provides training resources regulatory updates and industry standards to help tax professionals maintain compliance and best practices.,Finance,4
AAWSE,Association for the Advancement of Women in Science and Engineering,An organization dedicated to supporting women in STEM fields through networking mentorship and educational initiatives. AAWSE works to increase representation of women in scientific and engineering disciplines through scholarships research opportunities and policy advocacy.,Education,4
ABA,Applied Behavior Analysis,A scientific approach to understanding behavior and how it is affected by the environment. ABA has been extensively used to help individuals with autism and other developmental disabilities acquire functional skills improve behaviors and develop independence through systematic assessment and intervention.,Psychology,4
ABCOA,Activity-Based Cost of Ownership Analysis,A financial methodology that evaluates the total cost of owning and operating an asset or system over its entire lifecycle. ABCOA provides detailed insights into direct and indirect costs helping organizations make more informed procurement and investment decisions.,Business,4
ABDCN,Australian Broadband Digital Communications Network,A telecommunications infrastructure initiative aimed at providing high-speed internet and digital communication services across Australia. ABDCN focuses on connecting rural and remote areas to reduce the digital divide and support economic development through improved connectivity.,Technology,4
ABFH,Automated Banking and Financial Hub,A centralized platform that integrates various banking services and financial operations into a single streamlined system. ABFH provides automated processing for transactions account management and financial reporting enabling more efficient and error-free banking operations.,Finance,4
ABM,Activity-Based Management,A methodology focused on analyzing the activities within an organization to identify and eliminate non-value-adding processes. ABM seeks to enhance operational efficiency and reduce costs by understanding the true drivers of business performance and reallocating resources accordingly.,Business,4
ABMPS,Automated Building Management and Protection Systems,An integrated system that monitors and controls various building operations including security environmental controls and maintenance schedules. ABMPS incorporates sensors automation and predictive analytics to optimize building performance safety and energy efficiency.,Technology,4
ABPMP,Association of Business Process Management Professionals,An international organization for business process management practitioners researchers and business leaders. ABPMP establishes standards provides certification programs and promotes best practices in process management to enhance organizational efficiency and effectiveness.,Business,4
ABSSI,Advanced Biometric Security Systems Integration,A comprehensive approach to implementing and coordinating multiple biometric security technologies within an organization's security infrastructure. ABSSI combines fingerprint facial recognition voice patterns and other biometric data to create layered authentication systems with enhanced security.,Security,4
ABWB,Association of Border Water Boards,An international collaborative body that coordinates water resource management across national boundaries. ABWB develops shared policies for water quality conservation cross-border water rights and flood control to ensure sustainable management of shared water resources.,Environment,4
ACC,Automated Cloud Computing,A system that manages cloud computing resources with minimal human intervention using AI and machine learning to optimize performance costs and security. ACC continuously monitors usage patterns automatically scales resources and implements best practices for cloud deployment and management.,Technology,4
ACCFL,Association of Community College Facilities Leaders,A professional organization for individuals responsible for planning designing maintaining and operating community college physical plants and facilities. ACCFL promotes excellence in facility management shares best practices and advocates for quality educational environments at community colleges.,Education,4
ACF,Advanced Composite Fabrication,A manufacturing process utilizing high-performance fiber-reinforced materials to create lightweight strong and durable components. ACF combines innovative materials with precision manufacturing techniques to produce parts for aerospace automotive and other industries requiring exceptional strength-to-weight ratios.,Manufacturing,4
ACH,Automated Clearing House,An electronic network for financial transactions in the United States that processes large volumes of credit and debit transactions in batches. ACH facilitates direct deposits payroll payments bill payments tax refunds and other electronic transfers between banks and financial institutions providing a reliable and efficient payment system.,Finance,4
ACM,Association for Computing Machinery,The world's largest educational and scientific computing society that delivers resources to advance computing as a science and profession. ACM provides publications conferences special interest groups and professional development programs for those in the computing field.,Technology,4
ACORNS,Automated Community Outreach and Resource Navigation System,A digital platform designed to connect vulnerable populations with available community services and support programs. ACORNS uses intelligent matching algorithms to identify relevant resources based on individual needs and facilitates streamlined access to housing healthcare and social services.,Social Services,4
ACSNET,Advanced Cybersecurity Network,A robust infrastructure designed to protect digital assets through multiple layers of security protocols detection systems and response mechanisms. ACSNET incorporates threat intelligence real-time monitoring and automated countermeasures to defend against evolving cyber threats across organizational networks.,Cybersecurity,4
ACT,American College Testing,A standardized test for high school achievement and college admissions in the United States. The ACT test covers four academic skill areas: English mathematics reading and science reasoning along with an optional writing test that assesses students' skills in planning and writing a short essay.,Education,4
ADBMT,Adaptive Database Management Technology,A flexible approach to database systems that automatically optimizes structure performance and security based on usage patterns and data characteristics. ADBMT incorporates machine learning to continuously refine query processing data storage and access controls for optimal database operation.,Technology,4
ADHD,Attention Deficit Hyperactivity Disorder,A neurodevelopmental disorder characterized by persistent patterns of inattention hyperactivity and impulsivity that interferes with functioning or development. ADHD affects both children and adults impacting academic performance work productivity and social relationships through difficulties with focus task completion and self-regulation.,Healthcare,4
ADICD,Association for Diversity and Inclusion in Community Development,An organization promoting equitable and inclusive approaches to urban planning community revitalization and neighborhood development. ADICD advocates for policies and practices that ensure diverse communities have meaningful input in development decisions that affect their neighborhoods and quality of life.,Urban Planning,4
ADLSC,Advanced Digital Library Sciences Consortium,A collaborative research initiative focused on developing next-generation digital library technologies and standards. ADLSC works on digital preservation metadata frameworks knowledge organization systems and accessibility tools to enhance the utility and sustainability of digital collections.,Information Science,4
AES,Advanced Encryption Standard,A specification for the encryption of electronic data established by the U.S. National Institute of Standards and Technology. AES is a symmetric block cipher chosen by the U.S. government to protect classified information and is implemented in software and hardware throughout the world for sensitive data protection.,Cybersecurity,4
AESFST,Association for Environmental Science and Sustainable Food Systems Technology,An organization dedicated to advancing environmentally responsible technologies and practices in food production processing and distribution. AESFST conducts research develops standards and promotes innovations that enhance food security while minimizing environmental impacts.,Agriculture,4
AFBMT,Advanced Financial Blockchain Management Technologies,A suite of tools and protocols leveraging blockchain technology for secure transparent and efficient financial transactions and record-keeping. AFBMT includes smart contracts automated compliance verification and distributed ledger systems that enhance financial operations while reducing fraud and administrative costs.,Finance,4
AFIRS,Automated Flight Information Reporting System,An aviation technology that automatically collects and transmits aircraft operational data to ground stations in real-time. AFIRS provides critical information about aircraft performance system status and flight parameters enabling proactive maintenance better operational decisions and enhanced safety.,Aviation,4
AGNBI,Association for Global Networked Business Innovation,An international organization that facilitates collaboration between businesses researchers and policymakers to advance innovative business models in a connected global economy. AGNBI promotes knowledge sharing cross-border partnerships and the development of standards for digital business ecosystems.,Business,4
AGRISAT,Agricultural Remote Imaging and Satellite Analysis Technologies,A suite of satellite-based tools that monitor agricultural lands providing detailed data on crop health soil conditions water usage and weather patterns. AGRISAT enables precision farming techniques optimized resource allocation and early detection of issues like disease or drought increasing agricultural efficiency and sustainability.,Agriculture,4
AI,Artificial Intelligence,The simulation of human intelligence in machines that are programmed to think and learn like humans. AI systems analyze data perceive their environment and take actions to achieve specific goals encompassing various technologies including machine learning natural language processing computer vision and expert systems.,Technology,4
AICOM,Artificial Intelligence for Communication Management,A system that uses AI to optimize organizational communications across multiple channels platforms and stakeholders. AICOM analyzes communication patterns automates routine messaging personalizes content based on recipient preferences and provides insights to improve overall communication effectiveness.,Technology,4
AIDS,Acquired Immunodeficiency Syndrome,A chronic potentially life-threatening condition caused by the human immunodeficiency virus (HIV). AIDS occurs when HIV infection severely damages the immune system leaving the body vulnerable to opportunistic infections and certain cancers that take advantage of a weakened immune system.,Healthcare,4
AIMRT,Advanced Integrated Medical Radiation Technology,A specialized medical system that combines various forms of radiation-based treatments with precision imaging and computerized planning. AIMRT delivers highly targeted radiation therapy for cancer treatment minimizing damage to healthy tissues while maximizing therapeutic effects through personalized treatment protocols.,Healthcare,4
AIOPS,Artificial Intelligence for IT Operations,A technology approach that combines big data machine learning and automation to enhance IT operations management. AIOPS systems continuously monitor IT infrastructure identify patterns anticipate problems and either automatically resolve issues or provide decision support for human operators.,Technology,4
AIPROS,Artificial Intelligence-Powered Recruitment and Onboarding System,A comprehensive HR platform that leverages AI to streamline and enhance the hiring and employee integration process. AIPROS automates candidate screening matches skills to job requirements facilitates interview scheduling and personalizes onboarding workflows while reducing bias and improving hiring outcomes.,Human Resources,4
AISES,American Indian Science and Engineering Society,A national nonprofit organization focused on increasing representation of Indigenous Americans in STEM fields. AISES provides scholarships mentorship internship opportunities and networking events to support Native American students and professionals in science technology engineering and mathematics careers.,Education,4
AITCN,Advanced Integrated Transportation and Communications Network,A sophisticated infrastructure system that coordinates various transportation modes with real-time communication and data exchange capabilities. AITCN optimizes traffic flow enhances safety improves logistics and provides passengers with seamless multi-modal transportation options through integrated digital technologies.,Transportation,4
AJBES,Association of Japanese Business and Economic Studies,An academic organization promoting research education and dialogue on Japanese business practices economic policies and international trade relationships. AJBES organizes conferences publishes research and facilitates exchange programs to advance understanding of Japan's business environment and economic systems.,Business,4
ALDMA,Association of Learning and Development Management Administrators,A professional organization for individuals responsible for overseeing and implementing corporate and institutional training and development programs. ALDMA establishes best practices provides certification programs and advocates for effective approaches to workforce development through continuous learning initiatives.,Education,4
ALS,Amyotrophic Lateral Sclerosis,A progressive neurodegenerative disease that affects nerve cells in the brain and spinal cord. ALS causes the death of neurons controlling voluntary muscles leading to stiff muscles muscle twitching and gradually worsening weakness resulting in difficulty speaking swallowing and eventually breathing.,Healthcare,4
ALSA,Advanced Life Support Association,A professional organization dedicated to improving critical care and emergency medical services through education research and advocacy. ALSA develops protocols provides advanced certification programs and promotes evidence-based practices for medical professionals who deliver life-saving care in emergency situations.,Healthcare,4
AMAHS,Association of Medical Administrative Health Specialists,A professional organization representing healthcare administrators medical office managers and health information professionals. AMAHS provides certification programs continuing education resources and advocacy to enhance the management and administrative operations of healthcare facilities.,Healthcare,4
AMCOP,Advanced Manufacturing and Computational Optimization Platform,An integrated system that combines advanced manufacturing technologies with computational modeling and simulation to optimize production processes. AMCOP enables digital twins predictive quality control and automated process refinement to enhance manufacturing efficiency quality and flexibility.,Manufacturing,4
ANEOS,Advanced Network for Earth Observation Systems,A collaborative infrastructure that connects and integrates various earth monitoring technologies including satellites ground sensors and aerial platforms. ANEOS provides comprehensive data on climate conditions natural resources environmental changes and potential hazards to support scientific research policy decisions and emergency management.,Environment,4
ANSI,American National Standards Institute,A private non-profit organization that oversees the development of voluntary consensus standards for products services processes systems and personnel in the United States. ANSI facilitates the development of standards by accrediting procedures used by standard setting organizations ensuring quality safety and efficiency across industries.,Standards,4
ANSOP,Association of National Satellite Operations Professionals,An international organization for professionals involved in satellite operations management and control. ANSOP establishes technical standards provides specialized training and facilitates knowledge sharing to ensure safe efficient and coordinated operation of satellite systems across national and organizational boundaries.,Aerospace,4
AOBFM,Association of Online Banking and Financial Marketplaces,A professional organization representing digital banking platforms and financial technology providers. AOBFM develops security standards promotes consumer protection measures and advocates for regulatory frameworks that support innovation while maintaining safety and integrity in online financial services.,Finance,4
APA,American Psychological Association,A scientific and professional organization representing psychology in the United States that also develops standards for academic and professional writing. APA style is widely used for formatting research papers citations references and other academic documents particularly in social sciences.,Education,4
APEC,Asia-Pacific Economic Cooperation,A regional economic forum established to leverage the growing interdependence of the Asia-Pacific region. APEC facilitates economic growth regional cooperation and trade among the 21 Pacific Rim member economies aiming to create greater prosperity by promoting balanced inclusive sustainable innovative and secure growth.,International,4
API,Application Programming Interface,A set of protocols and tools that allow different software applications to communicate with each other. APIs enable software integration by defining methods for various components to interact serving as building blocks for modern software development and digital ecosystems.,Technology,4
APICS,Association for Supply Chain Management,A professional association for supply chain operations and management professionals. APICS provides education certification programs and standards for efficient and effective supply chain practices focusing on planning sourcing manufacturing delivery and return processes across industries.,Business,4
APMSWS,Automated Process Management System for Web Services,A software framework that coordinates and optimizes the delivery and management of web-based services across an organization's digital infrastructure. APMSWS monitors service performance automates resource allocation and orchestrates workflows between different web applications to enhance reliability efficiency and user experience.,Technology,4
APRA,Association of Professional Risk Analysts,An international organization for professionals specializing in risk assessment management and mitigation across various sectors. APRA develops methodologies provides certification programs and establishes standards for identifying analyzing and addressing risks in financial operational strategic and compliance domains.,Finance,4
APSD,Automated Public Safety Dispatch,A comprehensive emergency response system that uses advanced algorithms and real-time data to optimize the deployment of police fire and emergency medical services. APSD automatically prioritizes calls routes the appropriate resources and provides responders with critical information to improve response times and effectiveness.,Public Safety,4
APTCM,Advanced Precision Temperature Control Mechanisms,Sophisticated systems designed to maintain precise temperature conditions in sensitive environments such as laboratories manufacturing facilities data centers and medical settings. APTCM integrates sensors feedback loops and adaptive controls to ensure stable and accurate temperature management for critical processes.,Engineering,4
ARBS,Automated Retail Banking System,A comprehensive digital platform that manages and executes retail banking operations with minimal human intervention. ARBS handles account management transaction processing loan applications and customer service inquiries using AI and rule-based automation to increase efficiency and reduce errors in everyday banking functions.,Banking,4
ARCP,Advanced Resource Capacity Planning,A methodology and system for optimizing the allocation and utilization of resources including personnel equipment facilities and materials across an organization. ARCP uses predictive analytics historical data and simulation models to align resource availability with project demands and organizational objectives.,Business,4
ARTS,Association for Retail Technology Standards,An organization that develops and promotes open technology standards for the retail industry. ARTS creates frameworks and protocols for point-of-sale systems inventory management customer data handling and retail analytics that enable interoperability efficiency and innovation across the retail technology ecosystem.,Retail,4
ASAP,As Soon As Possible,A commonly used business term indicating urgency and requesting immediate attention or priority handling of a task. ASAP communicates that something needs to be done at the earliest opportunity often implying that other tasks should be deprioritized to accommodate the urgent request.,Business,4
ASBDE,Association of State Boards of Dental Examiners,A national organization comprising regulatory boards that oversee dental practice licensing and standards. ASBDE facilitates coordination between state dental boards promotes uniform standards for dental education and practice and supports initiatives to protect public health through proper dental practice regulation.,Healthcare,4
ASBIS,Automated Scanning and Biometric Identification System,A security technology that uses automated scanning devices and algorithms to capture analyze and match biometric data for identity verification. ASBIS enables rapid accurate identification for access control border security and law enforcement applications while maintaining data privacy and security protocols.,Security,4
ASCLD,American Society of Crime Laboratory Directors,A professional organization for leaders who manage forensic science laboratories and services. ASCLD promotes excellence in forensic science through leadership education advocacy and the development of laboratory standards to ensure quality and integrity in criminal investigations and evidence analysis.,Legal,4
ASD,Autism Spectrum Disorder,A complex developmental condition involving persistent challenges with social communication restricted interests and repetitive behavior. ASD affects how people perceive and socialize with others causing challenges in social interaction and communication with varied types and severity of symptoms.,Healthcare,4
ASEAN,Association of Southeast Asian Nations,A regional intergovernmental organization comprising ten countries in Southeast Asia that promotes intergovernmental cooperation and facilitates economic integration amongst its members. ASEAN works to enhance economic growth social progress cultural development and regional stability while providing a mechanism for dispute resolution.,International,4
ASECA,Association of Securities Exchange Compliance Administrators,A professional organization for executives responsible for regulatory compliance at securities exchanges and trading platforms. ASECA develops best practices provides training programs and advocates for effective market surveillance and enforcement measures to maintain fair and orderly securities markets.,Finance,4
ASIC,Application-Specific Integrated Circuit,A microchip designed for a specific application rather than general-purpose use. ASICs are custom-designed at the transistor level for particular functions offering superior performance power efficiency and security for specialized applications like cryptocurrency mining telecommunications or AI processing.,Technology,4
ASME,American Society of Mechanical Engineers,A professional association promoting the art science and practice of mechanical engineering. ASME develops codes and standards provides continuing education and fosters innovation in engineering fields ranging from aerospace and automotive to manufacturing and bioengineering.,Engineering,4
ASPCA,American Society for the Prevention of Cruelty to Animals,A non-profit organization dedicated to preventing animal cruelty through direct intervention rescue operations and advocacy. ASPCA provides animal welfare services education resources and legislative advocacy to protect animals from abuse neglect and exploitation across the United States.,Animal Welfare,4
ASTM,American Society for Testing and Materials,A global organization that develops and publishes voluntary consensus technical standards for a wide range of materials products systems and services. ASTM standards enhance product quality improve safety facilitate market access and advance public health across numerous industries worldwide.,Standards,4
ATC,Air Traffic Control,A service provided by ground-based air traffic controllers who direct aircraft on the ground and through controlled airspace. ATC maintains safe distances between aircraft prevents collisions organizes and expedites the flow of air traffic and provides information and support for pilots.,Transportation,4
ATCMS,Advanced Traffic Control and Management System,An intelligent transportation infrastructure that uses sensors data analytics and automation to optimize traffic flow and enhance road safety. ATCMS coordinates traffic signals manages lane usage provides real-time information to drivers and enables priority routing for emergency vehicles.,Transportation,4
ATM,Automated Teller Machine,An electronic banking device that allows customers to perform financial transactions without the need for human bank tellers. ATMs provide convenient 24/7 access to banking services including cash withdrawals deposits fund transfers and account inquiries using a secure card and PIN verification system.,Banking,4
ATP,Association of Tennis Professionals,The governing body of the men's professional tennis circuits. ATP organizes the worldwide tennis tour for men including the ATP Tour ATP Challenger Tour and ATP Champions Tour ranking players and establishing standards for tournaments and player conduct.,Sports,4
ATS,Applicant Tracking System,A software application that enables electronic handling of recruitment and hiring processes. ATS automates job posting resume screening candidate ranking and interview scheduling while providing analytics and compliance tools to streamline the talent acquisition process and improve hiring outcomes.,Human Resources,4
AWBM,Advanced Warehouse and Business Management,An integrated system for optimizing warehouse operations inventory control and related business processes. AWBM combines real-time tracking automated material handling predictive inventory management and business intelligence tools to enhance operational efficiency and supply chain performance.,Logistics,4
AWS,Amazon Web Services,A comprehensive cloud computing platform provided by Amazon that includes a mixture of infrastructure as a service platform as a service and packaged software as a service offerings. AWS provides computing power database storage content delivery and other functionality to help businesses scale and grow.,Technology,4
B2B,Business to Business,A type of commerce transaction that exists between businesses such as one involving a manufacturer and wholesaler or a wholesaler and a retailer. B2B transactions tend to occur in the supply chain where one company purchases raw materials from another to use in manufacturing.,Business,4
B2C,Business to Consumer,A sales model where businesses sell products or services directly to consumers. B2C companies typically sell finished goods or services directly to end users through retail stores online marketplaces or direct sales channels bypassing intermediaries in the distribution channel.,Business,4
BIM,Building Information Modeling,A process supported by various tools and technologies involving the generation and management of digital representations of physical and functional characteristics of places. BIM enables architecture engineering and construction professionals to efficiently plan design construct and manage buildings and infrastructure.,Architecture,4
BMI,Body Mass Index,A value derived from the mass and height of a person used as a screening tool to identify possible weight problems for adults. BMI is calculated by dividing a person's weight in kilograms by their height in meters squared providing a simple numeric measure of a person's thickness or thinness.,Healthcare,4
CAD,Computer-Aided Design,Software used by architects engineers and manufacturers to create precise 2D and 3D models of physical components and systems. CAD enables detailed visualization improved accuracy efficient design iterations documentation and integration with manufacturing processes across numerous industries.,Engineering,4
CAM,Computer-Aided Manufacturing,The use of software and computer-controlled machinery to automate manufacturing processes. CAM programs control machine tools for cutting milling turning and other operations enabling precise consistent production of complex parts with minimal human intervention.,Manufacturing,4
CAT,Computerized Axial Tomography,A medical imaging procedure that uses computer-processed combinations of many X-ray measurements taken from different angles to produce cross-sectional images of specific areas of a scanned object. CAT scans provide detailed images of internal organs bones soft tissue and blood vessels helping diagnose diseases injuries and abnormalities.,Healthcare,4
CBT,Cognitive Behavioral Therapy,A form of psychological treatment that has been demonstrated to be effective for a range of problems including depression anxiety disorders alcohol and drug use problems marital problems and severe mental illness. CBT focuses on changing negative thought patterns and behaviors to improve emotional regulation and develop coping strategies.,Psychology,4
CDC,Centers for Disease Control and Prevention,A national public health institute in the United States that works to protect public health and safety through the control and prevention of disease injury and disability. CDC conducts research provides health information responds to health emergencies and implements prevention strategies.,Government,4
CEO,Chief Executive Officer,The highest-ranking executive in a company responsible for major corporate decisions overall operations and resource management. The CEO serves as the primary communicator with the board of directors implements corporate vision and is ultimately accountable for the company's performance and direction.,Business,4
CERN,European Organization for Nuclear Research,A European research organization that operates the largest particle physics laboratory in the world. CERN's research explores the fundamental structure of the universe using complex scientific instruments including the Large Hadron Collider to study the basic constituents of matter and their interactions.,Science,4
CFO,Chief Financial Officer,The senior executive responsible for managing the financial actions of a company including tracking cash flow financial planning analyzing strengths and weaknesses and proposing strategic directions. CFOs oversee accounting departments manage financial risks and ensure regulatory compliance while supporting business growth.,Business,4
CIA,Central Intelligence Agency,The civilian foreign intelligence service of the United States government responsible for gathering processing and analyzing national security information from around the world. The CIA conducts covert operations and counterintelligence activities outside the United States to support national security objectives.,Government,4
CIO,Chief Information Officer,A senior executive responsible for managing implementing and usability of information and computer technologies within an organization. The CIO oversees IT strategy security operations and alignment with business goals ensuring that technology investments deliver value and competitive advantage.,Business,4
CISO,Chief Information Security Officer,A senior-level executive responsible for establishing and maintaining the enterprise vision strategy and program to ensure information assets and technologies are adequately protected. The CISO directs staff in identifying analyzing evaluating and mitigating information security risks.,Cybersecurity,4
CMMI,Capability Maturity Model Integration,A process level improvement training and appraisal program administered by the CMMI Institute. CMMI provides organizations with essential elements of effective processes to improve performance reduce costs increase operational predictability and elevate product quality across various domains.,Business,4
CMMS,Computerized Maintenance Management System,A software package that maintains a database of information about an organization's maintenance operations. CMMS helps maintenance teams keep track of assets preventive maintenance schedules work orders inventory management and equipment history to optimize maintenance activities and extend asset lifecycles.,Facilities,4
CMS,Content Management System,A software application used to create and manage digital content typically allowing multiple contributors to work in a collaborative environment. CMS platforms like WordPress Drupal and Joomla enable users to create edit publish and organize content without specialized technical knowledge.,Technology,4
CNC,Computer Numerical Control,A method for automating control of machine tools through the use of software embedded in a microcomputer attached to the tool. CNC machines execute precise pre-programmed sequences of machine control commands enabling consistent fabrication of complex parts with high precision and efficiency.,Manufacturing,4
COPD,Chronic Obstructive Pulmonary Disease,A chronic inflammatory lung disease that causes obstructed airflow from the lungs. COPD includes emphysema and chronic bronchitis is typically caused by long-term exposure to irritating gases or particulate matter and leads to symptoms such as breathing difficulty coughing wheezing and chest tightness.,Healthcare,4
CPI,Consumer Price Index,A measure that examines the weighted average of prices of a basket of consumer goods and services. CPI is used to track inflation and deflation periods identify cost-of-living changes and adjust wages benefits and prices to maintain purchasing power across the economy.,Economics,4
CPR,Cardiopulmonary Resuscitation,An emergency procedure combining chest compressions and artificial ventilation to maintain circulatory flow and oxygenation during cardiac arrest. CPR is performed to preserve brain function until further measures can be taken to restore spontaneous blood circulation and breathing in a person in cardiac arrest.,Healthcare,4
CPU,Central Processing Unit,"The primary component of a computer that performs most of the processing executing instructions performing calculations and managing data flow. Often referred to as the ""brain"" of the computer the CPU handles all the core computational tasks that enable a computer system to function.",Technology,4
CRISPR,Clustered Regularly Interspaced Short Palindromic Repeats,A revolutionary gene-editing technology that enables scientists to make precise changes to specific DNA sequences. CRISPR functions like genetic scissors allowing researchers to alter DNA sequences modify gene function and potentially treat genetic diseases offering unprecedented control over the genetic material of all living organisms.,Science,4
CRM,Customer Relationship Management,A technology for managing all company relationships and interactions with customers and potential customers. CRM systems help companies stay connected to customers streamline processes and improve profitability by organizing and automating communications sales and marketing functions.,Business,4
CSR,Corporate Social Responsibility,A self-regulating business model that aims to make a company socially accountable to itself its stakeholders and the public. CSR practices include environmental sustainability initiatives ethical labor practices philanthropic giving and community involvement demonstrating a commitment to social and environmental concerns.,Business,4
CSS,Cascading Style Sheets,A style sheet language used for describing the presentation of a document written in a markup language such as HTML. CSS separates content from design allowing developers to control layout colors fonts and other visual aspects of web pages improving accessibility and user experience.,Technology,4
CTO,Chief Technology Officer,A senior executive focused on scientific and technological issues within an organization. The CTO is responsible for overseeing technology development aligning technology investments with business goals and ensuring that technical resources are being used efficiently to solve business challenges.,Technology,4
DARPA,Defense Advanced Research Projects Agency,A research and development agency of the United States Department of Defense responsible for the development of emerging technologies for military use. DARPA pursues high-risk high-reward research initiatives to prevent and create strategic surprise enhancing national security through revolutionary advances in science and technology.,Military,4
DJIA,Dow Jones Industrial Average,A stock market index that measures the stock performance of 30 large companies listed on stock exchanges in the United States. The DJIA is one of the oldest and most followed equity indices serving as an indicator of the overall health of the U.S. economy and stock market performance.,Finance,4
DLP,Data Loss Prevention,A set of tools and processes used to ensure that sensitive data is not lost stolen or accessed by unauthorized users. DLP software identifies monitors and protects data in use in motion and at rest through content inspection context analysis and security measures across an organization.,Cybersecurity,4
DNA,Deoxyribonucleic Acid,A molecule composed of two polynucleotide chains that coil around each other to form a double helix carrying genetic instructions for the development functioning growth and reproduction of all known organisms. DNA contains the biological instructions that make each species unique and is essential for life and heredity.,Science,4
DNS,Domain Name System,The hierarchical and decentralized naming system used to identify computers reachable through the Internet or other IP networks. DNS translates human-readable domain names (like example.com) into numerical IP addresses needed for locating and identifying computer services and devices.,Technology,4
DOD,Department of Defense,The federal department charged with coordinating and supervising all agencies and functions of the government directly related to national security and the United States Armed Forces. DOD is the largest employer in the world overseeing the military branches and defense agencies that protect the United States.,Military,4
DOT,Department of Transportation,A federal Cabinet department of the U.S. government concerned with transportation. DOT oversees federal highway aviation railroad maritime and other transportation administration functions establishing safety standards developing transportation policies and providing financial grants for transportation projects.,Transportation,4
EAM,Enterprise Asset Management,The business processes and enabling information systems that support management of an organization's physical assets throughout their lifecycle. EAM encompasses planning acquisition operations maintenance disposal and performance analysis of assets to optimize their use performance cost and associated risks.,Business,4
ECC,Elliptic Curve Cryptography,A public-key cryptography system based on the algebraic structure of elliptic curves over finite fields. ECC requires smaller keys compared to non-EC cryptography to provide equivalent security making it useful for mobile applications digital signatures and other systems with limited computing resources.,Cybersecurity,4
ECG,Electrocardiogram,A test that records the electrical activity of the heart over a period of time using electrodes placed on the skin. ECGs detect heart problems analyze heart rhythms and monitor heart health providing critical information about cardiac function that helps in diagnosing and treating heart conditions.,Healthcare,4
EHR,Electronic Health Record,A comprehensive patient record that includes information from all clinicians involved in a patient's care and can be shared across different healthcare settings. EHRs contain medical history diagnoses medications treatment plans immunization dates allergies radiology images and laboratory test results.,Healthcare,4
EIA,Environmental Impact Assessment,A process of evaluating the likely environmental impacts of a proposed project or development taking into account socio-economic cultural and human-health impacts. EIA identifies potential environmental effects before implementation helping decision-makers develop environmentally sound and sustainable development.,Environment,4
EMR,Electronic Medical Record,A digital version of a patient's paper chart containing the medical and treatment history of patients from a single practice. EMRs allow clinicians to track data over time monitor patient health identify patterns and improve healthcare quality within their practice or organization.,Healthcare,4
ER,Emergency Room,A department in a hospital that provides immediate treatment for acute illnesses and trauma. ER offers 24-hour medical services for patients without prior appointment who require urgent care ranging from simple issues to life-threatening emergencies requiring immediate medical attention.,Healthcare,4
ERP,Enterprise Resource Planning,Business process management software that allows an organization to use a system of integrated applications to manage the business and automate many back-office functions. ERP systems integrate various organizational systems and facilitate error-free transactions and production improving efficiency and management reporting.,Business,4
ESA,European Space Agency,An intergovernmental organization dedicated to the exploration of space with 22 member states. ESA coordinates the financial and intellectual resources of its members to conduct space programs and activities beyond the capabilities of any single European country including satellite development launch services and planetary exploration.,Science,4
ESG,Environmental Social and Governance,A set of standards for a company's operations that socially conscious investors use to screen potential investments. ESG criteria consider how a corporation safeguards the environment manages relationships with employees suppliers customers and communities and handles leadership ethics and shareholder rights.,Business,4
ESL,English as a Second Language,Educational programs or methods used to teach English to non-native English speakers. ESL instruction focuses on developing reading writing speaking and listening skills for academic professional or personal contexts enabling non-native speakers to communicate effectively in English-speaking environments.,Education,4
ESPN,Entertainment and Sports Programming Network,A multinational basic cable sports channel owned by ESPN Inc. a joint venture between The Walt Disney Company and Hearst Communications. ESPN broadcasts primarily sports-related programming 24 hours a day including live and recorded event telecasts sports talk shows and other original programming.,Entertainment,4
ETA,Estimated Time of Arrival,The expected time at which a vehicle ship aircraft package or person will arrive at a specified destination. ETA provides important logistical information for transportation planning passenger expectations and supply chain management enabling coordination of resources and activities.,Transportation,4
ETF,Exchange-Traded Fund,A type of investment fund and exchange-traded product traded on stock exchanges. ETFs are similar to mutual funds but trade like stocks offering investors a way to pool their money in a fund that makes investments in stocks bonds or assets tracking an underlying index.,Finance,4
FAA,Federal Aviation Administration,A national authority with powers to regulate all aspects of civil aviation in the United States and its surrounding international waters. FAA oversees air traffic management aircraft certification commercial space transportation and development of the national aerospace system.,Transportation,4
FAQ,Frequently Asked Questions,A list of common questions and answers relating to a particular subject. FAQs provide efficient access to standard information addressing common concerns and reducing repetitive inquiries enabling users to find answers quickly without direct contact with customer support.,Communication,4
FBI,Federal Bureau of Investigation,The domestic intelligence and security service of the United States that serves as both a federal criminal investigative body and an internal intelligence agency. The FBI investigates terrorism counterintelligence cybercrime organized crime white-collar crime and major crimes across the country.,Government,4
FDA,Food and Drug Administration,A federal agency of the U.S. Department of Health and Human Services responsible for protecting public health. The FDA ensures the safety efficacy and security of human and veterinary drugs biological products medical devices food supply cosmetics and products that emit radiation.,Government,4
FDIC,Federal Deposit Insurance Corporation,A U.S. government corporation that provides deposit insurance to depositors in American commercial banks and savings institutions. FDIC coverage protects depositors against the loss of their insured deposits if an FDIC-insured bank or savings association fails up to $250000 per depositor per bank.,Finance,4
FEMA,Federal Emergency Management Agency,A U.S. agency responsible for coordinating the response to disasters that overwhelm local and state resources. FEMA provides emergency assistance supports citizens and first responders helps communities prepare for various hazards and assists in disaster recovery efforts.,Government,4
FERPA,Family Educational Rights and Privacy Act,A federal law that protects the privacy of student education records. FERPA gives parents certain rights with respect to their children's education records which transfer to the student when they reach 18 years old or attend a school beyond high school level.,Education,4
FICO,Fair Isaac Corporation,A data analytics company that produces the FICO score the most widely used consumer credit score for evaluating credit risk. FICO scores range from 300-850 and are calculated based on payment history amounts owed length of credit history new credit and credit mix helping lenders make billions of credit-related decisions annually.,Finance,4
FIFA,Fédération Internationale de Football Association,The international governing body of association football (soccer) futsal and beach soccer. FIFA is responsible for organizing and promoting major international soccer tournaments particularly the World Cup which is the world's most watched sporting event.,Sports,4
FSC,Forest Stewardship Council,An international non-profit organization that promotes responsible management of the world's forests. FSC sets standards for forest products creates certification systems and provides tracemarks ensuring that products come from responsibly managed forests that provide environmental social and economic benefits.,Environment,4
FYI,For Your Information,A phrase used when sharing information that might be useful or relevant but does not require any specific action. FYI commonly precedes emails memos or messages that are sent to keep others informed about developments without expecting a response or decision.,Communication,4
GAAP,Generally Accepted Accounting Principles,A common set of accounting principles standards and procedures that companies must follow when compiling financial statements. GAAP ensures consistency transparency and comparability in financial reporting making it possible for investors and creditors to make informed decisions based on standardized financial information.,Finance,4
GDPR,General Data Protection Regulation,A regulation in EU law on data protection and privacy for all individuals within the European Union and the European Economic Area. GDPR addresses the transfer of personal data outside the EU and EEA areas and gives individuals control over their personal data while simplifying the regulatory environment for international business.,Legal,4
GIS,Geographic Information System,A framework for gathering managing and analyzing geographic data. GIS integrates spatial information with database operations enabling users to visualize query analyze and interpret data to understand relationships patterns and trends related to geographic locations.,Technology,4
GPA,Grade Point Average,A standard scale measuring a student's average performance across all their academic courses. GPA is typically calculated on a 4.0 scale in the United States and is used for college admissions scholarship eligibility academic standing evaluation and graduate school applications.,Education,4
GPS,Global Positioning System,A satellite-based navigation system providing geolocation and time information to a GPS receiver anywhere on Earth with an unobstructed line of sight to four or more GPS satellites. GPS enables precise location tracking navigation and timing for military civilian and commercial applications worldwide.,Technology,4
GPU,Graphics Processing Unit,A specialized electronic circuit designed to rapidly manipulate and alter memory to accelerate the creation of images for output to a display device. GPUs excel at parallel processing making them ideal not only for graphics rendering but also for machine learning scientific computation and other tasks requiring massive parallel operations.,Technology,4
HBO,Home Box Office,An American premium cable and streaming television network that offers subscription-based video services primarily featuring films and original television series. HBO is known for high-quality original programming including dramas comedies documentaries and special events that have redefined television storytelling.,Entertainment,4
HIPAA,Health Insurance Portability and Accountability Act,A US federal law that provides data privacy and security provisions for safeguarding medical information. HIPAA establishes national standards to protect sensitive patient health information from being disclosed without the patient's consent or knowledge while enabling the flow of health information needed for quality care.,Healthcare,4
HIV,Human Immunodeficiency Virus,A virus that attacks the body's immune system specifically the CD4 cells (T cells) which help the immune system fight off infections. If left untreated HIV reduces the number of CD4 cells in the body making it harder to fight off infections and disease and can lead to AIDS.,Healthcare,4
HPV,Human Papillomavirus,A group of related viruses that can cause warts and various types of cancer including cervical vulvar vaginal penile anal and oropharyngeal cancers. HPV is the most common sexually transmitted infection globally with most sexually active people contracting at least one type during their lifetime.,Healthcare,4
HTML,Hypertext Markup Language,The standard markup language for documents designed to be displayed in a web browser. HTML defines the structure and content of web pages using various elements and tags that browsers interpret to render text images links and other content on screen.,Technology,4
HVAC,Heating Ventilation and Air Conditioning,A system that provides heating and cooling services to buildings ensuring comfortable temperature and indoor air quality. HVAC systems include components for air circulation filtration humidity control and temperature maintenance designed to provide thermal comfort and acceptable indoor air quality.,Engineering,4
ICU,Intensive Care Unit,A specialized department of a hospital that provides intensive care medicine for critically ill patients. ICU offers advanced monitoring equipment specialized care from trained medical professionals continuous observation and advanced life support systems for patients with life-threatening conditions.,Healthcare,4
IDS,Intrusion Detection System,A device or software application that monitors a network or systems for malicious activity or policy violations. IDS systems collect and analyze information from various areas within a computer or network to identify possible security breaches which include attacks from outside and within the organization.,Cybersecurity,4
IEP,Individualized Education Program,A written document developed for each public school child who is eligible for special education. The IEP is created through a team effort and reviewed at least once a year to ensure it meets a student's unique educational needs and helps them make progress in school.,Education,4
IFRS,International Financial Reporting Standards,A set of accounting standards developed by the International Accounting Standards Board that provides a global framework for how public companies prepare and disclose their financial statements. IFRS promotes transparency accountability and efficiency in global financial markets by standardizing financial reporting.,Finance,4
IMAP,Internet Message Access Protocol,A standard email protocol that stores email messages on a mail server and enables the end user to view and manipulate the messages as though they were stored locally. IMAP allows users to access their email from multiple devices while maintaining the same view of their messages folders and message status.,Technology,4
IMAX,Image Maximum,A proprietary system of high-resolution cameras film formats projectors and theaters known for much larger screens and superior audio quality. IMAX provides an immersive cinematic experience with expanded aspect ratio enhanced clarity and precise sound creating a premium viewing environment for films and documentaries.,Entertainment,4
IMF,International Monetary Fund,An international organization that promotes global economic growth and financial stability encourages international trade and reduces poverty around the world. IMF provides policy advice and financing to members in economic difficulties while working with developing nations to achieve macroeconomic stability and reduce poverty.,Economics,4
INTERPOL,International Criminal Police Organization,An intergovernmental organization that facilitates international police cooperation. INTERPOL enables police around the world to work together to make the world a safer place through technical support operational assistance crime-fighting expertise and global databases.,Law Enforcement,4
IPS,Intrusion Prevention System,A network security technology that examines network traffic flows to detect and prevent vulnerability exploits. IPS works by actively scanning and analyzing suspicious content for threats and taking automatic actions when threats are detected such as dropping malicious packets blocking traffic or resetting connections.,Cybersecurity,4
IRS,Internal Revenue Service,The U.S. federal agency responsible for collecting taxes and administering the Internal Revenue Code. The IRS processes tax returns issues refunds enforces tax laws and provides assistance to taxpayers in understanding and meeting their tax obligations.,Government,4
ISO,International Organization for Standardization,An independent non-governmental international organization that develops and publishes standards across a vast range of industries and technologies. ISO standards ensure quality safety efficiency and interoperability of products systems and services facilitating international trade and fostering global consistency in various domains.,Standards,4
ISP,Internet Service Provider,A company that provides services for accessing and using the internet. ISPs offer various services such as internet access domain name registration web hosting email services and colocation managing the infrastructure that enables individuals and organizations to connect to the global internet.,Technology,4
IVF,In Vitro Fertilization,A complex series of procedures used to help with fertility or prevent genetic problems and assist with the conception of a child. IVF involves retrieving mature eggs from ovaries fertilizing them with sperm in a lab and implanting the embryos in a uterus to establish a pregnancy.,Healthcare,4
IoT,Internet of Things,A system of interrelated computing devices mechanical and digital machines provided with unique identifiers and the ability to transfer data over a network without requiring human-to-human or human-to-computer interaction. IoT connects everyday objects to the internet enabling smart homes industrial automation and new services.,Technology,4
JSOC,Joint Special Operations Command,A component command of the United States Special Operations Command and is charged to study special operations requirements and techniques to ensure standardized training and equipment planning and conducting special operations exercises and training and developing joint special operations tactics.,Military,4
KPI,Key Performance Indicator,A measurable value that demonstrates how effectively a company is achieving key business objectives. KPIs evaluate success at reaching targets and help organizations understand performance relative to strategic goals enabling better decision-making resource allocation and operational improvements.,Business,4
LAN,Local Area Network,A computer network that interconnects computers within a limited area such as a residence school laboratory university campus or office building. LANs enable resource sharing between computers quick data exchange and communication within an organization while providing higher security and data transfer rates than wider networks.,Technology,4
LCA,Life Cycle Assessment,A technique to assess environmental impacts associated with all stages of a product's life from raw material extraction through processing manufacturing distribution use and disposal or recycling. LCA helps identify opportunities to improve environmental performance throughout the product lifecycle.,Environment,4
LEED,Leadership in Energy and Environmental Design,A widely used green building rating system that provides a framework for healthy highly efficient and cost-saving green buildings. LEED certification is a globally recognized symbol of sustainability achievement and leadership providing third-party verification of green building features and performance.,Architecture,4
ML,Machine Learning,A subset of artificial intelligence that provides systems the ability to automatically learn and improve from experience without being explicitly programmed. ML focuses on the development of computer programs that can access data and use it to learn for themselves adapting algorithms through training data to make better predictions.,Technology,4
MLA,Modern Language Association,A scholarly organization that develops standards for academic writing primarily in the humanities. MLA style provides guidelines for citing sources and formatting papers in academic writing ensuring proper attribution of ideas and helping readers locate the sources used in scholarly work.,Education,4
MLB,Major League Baseball,A professional baseball organization and the oldest major professional sports league in the world. MLB consists of 30 teams (29 in the United States and 1 in Canada) that compete in the American League and National League representing the highest level of professional baseball.,Sports,4
MMA,Mixed Martial Arts,A full-contact combat sport that allows a wide variety of fighting techniques from a mixture of martial arts traditions and non-traditions. MMA incorporates striking and grappling while both standing and on the ground from various combat sports and martial arts around the world.,Sports,4
MOOC,Massive Open Online Course,An online course aimed at unlimited participation and open access via the web. MOOCs provide interactive courses with user forums to support community interactions among students professors and teaching assistants offering a wide range of subjects from top universities and institutions worldwide.,Education,4
MRI,Magnetic Resonance Imaging,A medical imaging technique that uses a magnetic field and computer-generated radio waves to create detailed images of the organs and tissues within the body. MRI produces high-resolution images without radiation exposure allowing doctors to diagnose conditions that might not be adequately assessed with other imaging methods like X-rays or CT scans.,Healthcare,4
MRSA,Methicillin-Resistant Staphylococcus Aureus,A type of staph bacteria that has developed resistance to many antibiotics used to treat ordinary staph infections. MRSA causes infections that are difficult to treat can spread in healthcare settings community environments and through direct contact making it a significant public health concern.,Healthcare,4
MTV,Music Television,A cable television channel originally launched with a focus on music videos that has evolved to include reality programming and other youth-oriented entertainment. MTV has been influential in popular culture music fashion and youth-focused television since its launch in 1981.,Entertainment,4
MVP,Most Valuable Player,An award given to the best-performing player in an entire league team or competition. MVP recognizes the player who has contributed the most to their team's success through outstanding performance leadership and overall impact on games throughout a season or tournament.,Sports,4
NAFTA,North American Free Trade Agreement,A trade agreement between Canada Mexico and the United States that eliminated most tariffs and barriers to free trade and investment. NAFTA created one of the world's largest free trade zones laying the groundwork for strong economic growth and helping to raise the standard of living for people across North America.,Economics,4
NASA,National Aeronautics and Space Administration,The U.S. government agency responsible for the civilian space program as well as aeronautics and space research. NASA leads America's space exploration efforts including missions to explore Earth the Moon Mars and beyond while advancing scientific understanding through research and technological innovation.,Science,4
NASDAQ,National Association of Securities Dealers Automated Quotations,An American stock exchange known for its high-tech listings and the world's first electronic stock market. NASDAQ is the second-largest stock exchange globally by market capitalization featuring many technology companies and providing an alternative to traditional floor trading through its all-electronic trading platform.,Finance,4
NATO,North Atlantic Treaty Organization,A military alliance between 30 North American and European countries established after World War II. NATO constitutes a system of collective defense whereby its member states agree to mutual defense in response to an attack by an external party promoting democratic values and enabling members to consult and cooperate on defense and security issues.,International,4
NAVY,United States Navy,The naval warfare service branch of the United States Armed Forces responsible for conducting naval operations around the world. Navy maintains ships aircraft submarines and other assets for war maintains freedom of the seas and protects U.S. interests abroad.,Military,4
NBA,National Basketball Association,The premier men's professional basketball league in North America composed of 30 teams. NBA is widely considered to be the premier men's professional basketball league in the world featuring many of the world's most talented players and serving as the global standard for basketball competition.,Sports,4
NCAA,National Collegiate Athletic Association,A member-led organization dedicated to the well-being and lifelong success of college athletes. NCAA regulates competitions provides scholarships establishes eligibility standards and enforces rules for athletic programs at member colleges and universities across the United States.,Sports,4
NFL,National Football League,The major professional American football league consisting of 32 teams divided equally between the National Football Conference and the American Football Conference. NFL is one of the four major North American professional sports leagues and the highest professional level of American football in the world.,Sports,4
NHL,National Hockey League,A professional ice hockey league in North America currently comprising 32 teams—25 in the United States and 7 in Canada. NHL is considered to be the premier professional ice hockey league in the world and one of the major professional sports leagues in the United States and Canada.,Sports,4
NIH,National Institutes of Health,The primary agency of the United States government responsible for biomedical and public health research. NIH conducts its own scientific research and provides funding for research at universities and other institutions contributing to important medical discoveries and improving human health.,Science,4
NLP,Natural Language Processing,A branch of artificial intelligence that helps computers understand interpret and manipulate human language. NLP enables computers to read decipher understand and make sense of human languages in a valuable way combining computational linguistics with statistical machine learning and deep learning models.,Technology,4
NOAA,National Oceanic and Atmospheric Administration,A scientific and regulatory agency within the United States Department of Commerce that forecasts weather monitors oceanic and atmospheric conditions and charts the seas. NOAA warns of dangerous weather provides environmental stewardship conducts research and manages coastal and marine ecosystems.,Science,4
NPV,Net Present Value,A method used to determine the current value of all future cash flows generated by a project including the initial capital investment. NPV is a core component of corporate budgeting that helps companies determine whether a project will yield a positive return and how it compares to alternative investments.,Finance,4
NSF,National Science Foundation,A U.S. government agency that supports fundamental research and education in all non-medical fields of science and engineering. NSF funds approximately 24 percent of all federally supported basic research conducted by America's colleges and universities promoting scientific progress and advancing knowledge.,Science,4
NTSB,National Transportation Safety Board,An independent U.S. government investigative agency responsible for civil transportation accident investigation. NTSB investigates accidents in aviation highways marine pipeline and railroad determines probable causes and issues safety recommendations aimed at preventing future accidents.,Transportation,4
NYSE,New York Stock Exchange,The world's largest stock exchange by market capitalization located on Wall Street in New York City. NYSE facilitates the buying and selling of stocks bonds and other securities providing liquidity price discovery and capital formation for companies and investors worldwide.,Finance,4
OCD,Obsessive-Compulsive Disorder,A mental health condition characterized by uncontrollable recurring thoughts (obsessions) and behaviors (compulsions) that a person feels the urge to repeat over and over. OCD features a pattern of unwanted thoughts and fears that lead to repetitive behaviors interfering with daily activities and causing significant distress.,Healthcare,4
OPEC,Organization of the Petroleum Exporting Countries,An intergovernmental organization of 13 nations that coordinates petroleum policies among member countries. OPEC aims to secure fair prices for petroleum producers a steady supply to consumers and a fair return on capital for industry investors while regulating oil production and price stabilization.,Economics,4
OSHA,Occupational Safety and Health Administration,A U.S. federal agency responsible for ensuring safe and healthful working conditions by setting and enforcing standards and providing training education and assistance. OSHA works to prevent workplace injuries illnesses and fatalities through regulations inspections and educational initiatives.,Safety,4
PDM,Product Data Management,A business function that manages and publishes product data with the goal of helping organizations to develop successful products. PDM systems store and organize engineering data provide controlled access manage change processes and maintain relationships between different pieces of product information.,Engineering,4
PKI,Public Key Infrastructure,A framework for managing digital certificates and public-key encryption that enables secure electronic transfer of information. PKI creates issues renews and revokes digital certificates binding public keys with user identities providing authentication integrity and non-repudiation for electronic communications.,Cybersecurity,4
PLC,Programmable Logic Controller,An industrial digital computer that has been ruggedized and adapted for the control of manufacturing processes such as assembly lines robotic devices or any activity that requires high reliability and ease of programming. PLCs monitor inputs and make decisions based on custom programming to control outputs in automated systems.,Engineering,4
PLM,Product Lifecycle Management,A strategic business approach that supports the collaborative creation management dissemination and use of product information across the extended enterprise. PLM integrates people processes business systems and information to manage the complete product lifecycle from conception through disposal.,Business,4
PPC,Pay Per Click,An internet advertising model used to drive traffic to websites where an advertiser pays a publisher when the ad is clicked. PPC allows advertisers to place ads in search engine results social media platforms and on other websites paying only when a user actually clicks through providing a measurable return on investment.,Marketing,4
PPI,Producer Price Index,A family of indexes that measures the average change over time in selling prices received by domestic producers for their output. PPI tracks price changes from the perspective of the seller serving as an early indicator of inflation before changes affect consumers and helping businesses with contract negotiations.,Economics,4
PTSD,Post-Traumatic Stress Disorder,A psychiatric disorder that can occur in people who have experienced or witnessed a traumatic event. PTSD symptoms include intrusive memories nightmares severe anxiety and uncontrollable thoughts about the event often significantly impairing daily functioning and quality of life for those affected.,Healthcare,4
QR,Quick Response,A type of matrix barcode first designed for the automotive industry that contains information about the item to which it is attached. QR codes can be read quickly by digital devices and store much more information than standard barcodes enabling fast tracking product identification marketing website linking and contactless payments.,Technology,4
RAM,Random Access Memory,Computer memory that can be read and changed in any order typically used to store working data and machine code. RAM provides fast temporary data storage for currently running programs but loses its stored information when power is removed making it essential for computer performance but not for permanent storage.,Technology,4
REIT,Real Estate Investment Trust,A company that owns operates or finances income-generating real estate. REITs allow individual investors to earn dividends from real estate investments without having to buy manage or finance properties themselves providing portfolio diversification and reliable income streams.,Finance,4
RFID,Radio-Frequency Identification,A technology that uses electromagnetic fields to automatically identify and track tags attached to objects. RFID systems consist of small tags containing electronically stored information and readers that collect this data wirelessly enabling applications in inventory tracking asset management access control and payment systems.,Technology,4
RFP,Request for Proposal,A document that solicits proposal services through a bidding process from potential vendors or service providers. RFPs outline project requirements objectives scope timeline evaluation criteria and contractual terms helping organizations identify the most qualified vendor for their specific needs.,Business,4
RFQ,Request for Quotation,A standard business process whose purpose is to invite suppliers into a bidding process to bid on specific products or services. RFQs include exact specifications of the items or services being requested allowing vendors to provide accurate pricing for direct comparison.,Business,4
RNA,Ribonucleic Acid,A polymeric molecule essential in various biological roles including coding decoding regulation and expression of genes. RNA is structurally similar to DNA but differs in chemical composition functions in cellular protein synthesis and carries genetic information in some viruses like the coronavirus.,Science,4
ROA,Return on Assets,A financial ratio that shows the percentage of profit a company earns in relation to its overall resources. ROA indicates how efficiently a company is using its assets to generate profits enabling investors and managers to assess the company's operational efficiency and financial performance.,Finance,4
ROI,Return on Investment,A performance measure used to evaluate the efficiency or profitability of an investment relative to its cost. ROI is calculated by dividing the benefit (return) of an investment by the cost of the investment and is used by businesses and individuals to compare the efficiency of different investment options.,Finance,4
RSVP,Répondez S'il Vous Plaît,"A French phrase meaning ""please respond"" commonly included on invitations. RSVP requests that invitees notify the host of their intention to attend or not attend allowing for accurate planning of space food and other arrangements for social or business events.",Communication,4
SAT,Scholastic Assessment Test,A standardized test widely used for college admissions in the United States. The SAT measures literacy numeracy and writing skills needed for academic success in college and provides colleges with one common data point that can be used to compare all applicants.,Education,4
SCADA,Supervisory Control and Data Acquisition,A system architecture that uses computers networked data communications and graphical user interfaces for high-level process management. SCADA systems collect real-time data monitor and control industrial processes and infrastructure in facilities such as power plants manufacturing facilities and utilities.,Industrial,4
SEC,Securities and Exchange Commission,The U.S. government agency responsible for enforcing federal securities laws and regulating the securities industry stock exchanges and companies offering securities to the public. SEC protects investors maintains fair and efficient markets and facilitates capital formation through oversight enforcement and regulation.,Finance,4
SEO,Search Engine Optimization,The process of improving a website to increase its visibility when people search for products or services. SEO involves making technical content and design changes to rank higher in search engine results pages attract more visitors and increase the likelihood of those visitors becoming customers.,Marketing,4
SIDS,Sudden Infant Death Syndrome,The unexplained death usually during sleep of a seemingly healthy baby less than a year old. SIDS is sometimes called crib death and remains a leading cause of death in infants despite recommended preventive measures like placing babies on their backs to sleep.,Healthcare,4
SMTP,Simple Mail Transfer Protocol,An internet standard communication protocol for electronic mail transmission. SMTP is used when sending emails between servers ensuring that messages are delivered to the correct destination through a series of commands that identify the sender recipient and message content.,Technology,4
SOC,Security Operations Center,A facility that houses a team responsible for monitoring and analyzing an organization's security posture on an ongoing basis. SOC staff work with security technologies and processes to detect investigate respond to and prevent cybersecurity incidents protecting enterprise information systems.,Cybersecurity,4
SOCOM,Special Operations Command,A unified combatant command of the United States Department of Defense charged with overseeing the various special operations components of the U.S. Armed Forces. SOCOM trains conducts and ensures combat readiness of assigned forces carrying out special operations missions around the world.,Military,4
SOP,Standard Operating Procedure,A set of step-by-step instructions compiled by an organization to help workers carry out complex routine operations. SOPs aim to achieve efficiency quality output uniformity and regulatory compliance while reducing miscommunication and ensuring work is performed consistently regardless of who performs it.,Business,4
SQL,Structured Query Language,A programming language designed for managing and manipulating data in relational database management systems. SQL allows users to create retrieve update and delete data as well as design and modify database structures making it fundamental to most data-driven applications and organizations.,Technology,4
SSD,Solid State Drive,A storage device that uses integrated circuit assemblies to store data persistently typically using flash memory. SSDs are faster more reliable more energy-efficient and more resistant to physical shock than traditional hard disk drives though they generally offer less storage capacity per dollar.,Technology,4
SSL,Secure Sockets Layer,A standard security technology for establishing an encrypted link between a web server and a browser. SSL ensures that all data transmitted between the web server and browser remains private and secure preventing hackers from reading and modifying information during transmission.,Cybersecurity,4
SSRI,Selective Serotonin Reuptake Inhibitor,A class of medications primarily used to treat depression and anxiety disorders. SSRIs work by increasing levels of serotonin in the brain by blocking its reabsorption helping to improve mood regulate emotions and reduce anxiety symptoms with fewer side effects than older antidepressants.,Healthcare,4
STEM,Science Technology Engineering and Mathematics,An educational approach that integrates these four disciplines into a cohesive learning paradigm based on real-world applications. STEM education emphasizes problem-solving critical thinking innovation and the practical application of knowledge to prepare students for the demands of the modern workforce.,Education,4
SWIFT,Society for Worldwide Interbank Financial Telecommunication,A global member-owned cooperative that provides secure financial messaging services for international money transfers between banks. SWIFT facilitates standardized communication for financial transactions enabling reliable secure and efficient transfer of funds across borders.,Finance,4
SaaS,Software as a Service,A software licensing and delivery model where applications are hosted centrally and accessed by users via a web browser. SaaS eliminates the need for organizations to install and run applications on their own computers or data centers reducing IT infrastructure costs software maintenance responsibilities and initial setup expenses.,Technology,4
TCP,Transmission Control Protocol,A core communication protocol of the Internet Protocol Suite that provides reliable ordered and error-checked delivery of data between applications running on hosts communicating via an IP network. TCP ensures that data packets are delivered in the correct sequence without loss or duplication enabling stable internet communications.,Technology,4
TLS,Transport Layer Security,An encryption protocol designed to provide communications security over a computer network. TLS is the successor to SSL and provides secure communications on the internet for activities like web browsing email instant messaging and voice-over-IP ensuring data privacy and integrity.,Cybersecurity,4
TSA,Transportation Security Administration,An agency of the U.S. Department of Homeland Security that has authority over the security of the traveling public in the United States. TSA is primarily responsible for air travel security including passenger and baggage screening at airports to prevent terrorism and ensure safe transportation.,Transportation,4
UAV,Unmanned Aerial Vehicle,An aircraft without a human pilot aboard commonly known as a drone. UAVs are a component of an unmanned aircraft system which includes the aircraft ground-based controller and communications system used for military reconnaissance surveillance agriculture photography filmmaking and many other applications.,Technology,4
UI,User Interface,The space where interactions between humans and machines occur encompassing all visual auditory and physical ways a user interacts with a system. UI design focuses on anticipating user needs and ensuring that the interface has elements that are easy to access understand and use to facilitate those actions.,Design,4
UNESCO,United Nations Educational Scientific and Cultural Organization,A specialized agency of the United Nations aimed at promoting world peace and security through international cooperation in education the sciences and culture. UNESCO works to preserve cultural heritage advance universal education and foster scientific collaboration across borders.,International,4
UNICEF,United Nations Children's Fund,A United Nations agency responsible for providing humanitarian and developmental aid to children worldwide. UNICEF works in over 190 countries and territories to save children's lives defend their rights and help them fulfill their potential regardless of race religion or politics.,Humanitarian,4
URL,Uniform Resource Locator,A web address that specifies the location of a resource on the internet and the protocol used to access it. URLs provide a standardized way to locate and retrieve web pages documents and other resources online enabling navigation and linking across the internet.,Technology,4
USAF,United States Air Force,The aerial warfare service branch of the United States Armed Forces. USAF is responsible for military flying operations defensive strategic airpower global lift and reconnaissance in both peace and war supporting U.S. national security objectives through air and space superiority.,Military,4
USB,Universal Serial Bus,A standardized interface for connecting and communicating between computers and electronic devices. USB has largely replaced earlier interfaces due to its ease of use higher data transfer speeds and ability to provide power to connected devices while maintaining backward compatibility across generations.,Technology,4
USDA,United States Department of Agriculture,A federal department responsible for developing and executing federal laws related to farming forestry rural economic development and food. USDA oversees food safety inspection agricultural research conservation efforts nutrition programs and rural development initiatives to support American agriculture.,Government,4
USMC,United States Marine Corps,A branch of the United States Armed Forces responsible for conducting expeditionary and amphibious operations. USMC serves as a rapid reaction force ready for immediate deployment by sea or air to protect American interests and provide humanitarian assistance around the world.,Military,4
UX,User Experience,The overall experience of a person using a product service or system including perceptions of utility ease of use efficiency and overall satisfaction. UX design focuses on enhancing user satisfaction by improving the usability accessibility and pleasure provided in the interaction with a product or service.,Design,4
VPN,Virtual Private Network,A service that encrypts internet traffic and disguises online identity by hiding IP addresses. VPNs establish secure connections between remote computers and networks over the internet enabling private browsing anonymous online activity secure remote access and protection from surveillance or censorship.,Technology,4
VoIP,Voice over Internet Protocol,A technology that allows voice calls to be made using an internet connection instead of a traditional phone line. VoIP converts voice into digital signals that travel over the internet enabling cheaper international calls video conferencing and integration with other digital services.,Technology,4
WAF,Web Application Firewall,A firewall that monitors filters or blocks HTTP traffic to and from a web application. WAFs protect web applications from attacks such as cross-site forgery cross-site-scripting SQL injection and file inclusion providing a layer of protection between the internet and web applications.,Cybersecurity,4
WHO,World Health Organization,A specialized agency of the United Nations responsible for international public health. WHO coordinates international health work provides leadership on global health matters shapes health research sets norms and standards articulates policy options and monitors health trends worldwide.,Healthcare,4
WTO,World Trade Organization,The only global international organization dealing with the rules of trade between nations. WTO agreements are negotiated and signed by most of the world's trading nations and ratified in their parliaments with the goal of helping producers of goods and services exporters and importers conduct their business.,International,4
WWE,World Wrestling Entertainment,An American integrated media and entertainment company primarily known for professional wrestling. WWE has expanded into film American football and various other businesses with content broadcast in more than 150 countries and available in 30 languages blending sports and theatrical entertainment.,Entertainment,4
WiFi,Wireless Fidelity,A technology that allows electronic devices to connect to a wireless local area network using radio waves providing internet access and network connectivity without physical cables. WiFi enables mobility convenience and widespread internet access in homes businesses public spaces and virtually anywhere within range of a wireless network.,Technology,4
