ID,Acronym,Definition,Description,Tags,Usage Examples,Related Terms,Slug,Meta Description,Views,Status,Price (USD),Grade,Custom Pricing,Custom Pricing Data,Category ID,Suggested Category,Submitted By,Created At,Updated At
,"DBA","Development Board of America","A U.S. board overseeing national development initiatives. It certifies and supports growth for community leaders.","Development, Board, America",,,dba/development-board-of-america,,0,Approved,$0,2,No,,,Development,,2025-04-01T00:00:00Z,2025-04-01T00:00:00Z
,"DBACS","Development Board of America Counseling Studies","A U.S. board certifying counseling professionals in development contexts. It ensures expertise for mental health support nationwide.","Counseling, Development, Board",,,dbacs/development-board-of-america-counseling-studies,,0,Approved,$0,2,No,,,Development Counseling,,2025-04-01T00:00:00Z,2025-04-01T00:00:00Z
,"DBAFS","Development Board of America Forensic Studies","A U.S. board certifying forensic professionals in development contexts. It advances expertise for legal analysis nationwide.","Forensic, Development, Board",,,dbafs/development-board-of-america-forensic-studies,,0,Approved,$0,2,No,,,Forensic Development,,2025-04-01T00:00:00Z,2025-04-01T00:00:00Z
,"DBAHS","Development Board of America Health Studies","A U.S. board certifying health professionals in development contexts. It ensures expertise for health strategies nationwide.","Health, Development, Board",,,dbahs/development-board-of-america-health-studies,,0,Approved,$0,2,No,,,Health Development,,2025-04-01T00:00:00Z,2025-04-01T00:00:00Z
,"DBAMS","Development Board of America Management Studies","A U.S. board certifying management professionals in development contexts. It supports expertise for leadership nationwide.","Management, Development, Board",,,dbams/development-board-of-america-management-studies,,0,Approved,$0,2,No,,,Development Management,,2025-04-01T00:00:00Z,2025-04-01T00:00:00Z
,"DBAPS","Development Board of America Psychology Studies","A U.S. board certifying psychology professionals in development contexts. It ensures expertise for behavior analysis nationwide.","Psychology, Development, Board",,,dbaps/development-board-of-america-psychology-studies,,0,Approved,$0,2,No,,,Development Psychology,,2025-04-01T00:00:00Z,2025-04-01T00:00:00Z
,"DBARS","Development Board of America Rehabilitation Studies","A U.S. board certifying rehabilitation professionals in development contexts. It advances expertise for recovery nationwide.","Rehabilitation, Development, Board",,,dbars/development-board-of-america-rehabilitation-studies,,0,Approved,$0,2,No,,,Development Rehabilitation,,2025-04-01T00:00:00Z,2025-04-01T00:00:00Z
,"DBASS","Development Board of America Safety Studies","A U.S. board certifying safety professionals in development contexts. It ensures expertise for safety standards nationwide.","Safety, Development, Board",,,dbass/development-board-of-america-safety-studies,,0,Approved,$0,2,No,,,Development Safety,,2025-04-01T00:00:00Z,2025-04-01T00:00:00Z
,"DBCCS","Development Board College of Counseling Studies","A U.S. college offering counseling education under a development board. It trains professionals for mental health support nationwide.","Counseling, Development, Education",,,dbccs/development-board-college-of-counseling-studies,,0,Approved,$0,2,No,,,Development Counseling,,2025-04-01T00:00:00Z,2025-04-01T00:00:00Z
,"DBCFS","Development Board College of Forensic Studies","A U.S. college focused on forensic education under a development board. It prepares professionals for legal analysis nationwide.","Forensic, Development, Education",,,dbcfs/development-board-college-of-forensic-studies,,0,Approved,$0,2,No,,,Forensic Development,,2025-04-01T00:00:00Z,2025-04-01T00:00:00Z
,"DBCHS","Development Board College of Health Studies","A U.S. college offering health education under a development board. It trains professionals for health strategies nationwide.","Health, Development, Education",,,dbchs/development-board-college-of-health-studies,,0,Approved,$0,2,No,,,Health Development,,2025-04-01T00:00:00Z,2025-04-01T00:00:00Z
,"DBCMS","Development Board College of Management Studies","A U.S. college focused on management education under a development board. It prepares leaders for national development settings.","Management, Development, Education",,,dbcms/development-board-college-of-management-studies,,0,Approved,$0,2,No,,,Development Management,,2025-04-01T00:00:00Z,2025-04-01T00:00:00Z
,"DBCPS","Development Board College of Psychology Studies","A U.S. college offering psychology education under a development board. It trains professionals for behavior analysis nationwide.","Psychology, Development, Education",,,dbcps/development-board-college-of-psychology-studies,,0,Approved,$0,2,No,,,Development Psychology,,2025-04-01T00:00:00Z,2025-04-01T00:00:00Z
,"DBCRS","Development Board College of Rehabilitation Studies","A U.S. college focused on rehabilitation education under a development board. It prepares professionals for recovery nationwide.","Rehabilitation, Development, Education",,,dbcrs/development-board-college-of-rehabilitation-studies,,0,Approved,$0,2,No,,,Development Rehabilitation,,2025-04-01T00:00:00Z,2025-04-01T00:00:00Z
,"DBCSS","Development Board College of Safety Studies","A U.S. college offering safety education under a development board. It trains professionals for safety standards nationwide.","Safety, Development, Education",,,dbcss/development-board-college-of-safety-studies,,0,Approved,$0,2,No,,,Development Safety,,2025-04-01T00:00:00Z,2025-04-01T00:00:00Z
,"DBF","Development Board Federation","A U.S. federation uniting development boards nationwide. It advocates for education and growth in development initiatives.","Development, Federation, America",,,dbf/development-board-federation,,0,Approved,$0,2,No,,,Development,,2025-04-01T00:00:00Z,2025-04-01T00:00:00Z
,"DBFCS","Development Board Federation of Counseling Studies","A U.S. federation for counseling education under development boards. It promotes training for mental health support nationwide.","Counseling, Development, Federation",,,dbfcs/development-board-federation-of-counseling-studies,,0,Approved,$0,2,No,,,Development Counseling,,2025-04-01T00:00:00Z,2025-04-01T00:00:00Z
,"DBFFS","Development Board Federation of Forensic Studies","A U.S. federation for forensic education under development boards. It advances training for legal analysis nationwide.","Forensic, Development, Federation",,,dbffs/development-board-federation-of-forensic-studies,,0,Approved,$0,2,No,,,Forensic Development,,2025-04-01T00:00:00Z,2025-04-01T00:00:00Z
,"DBFHS","Development Board Federation of Health Studies","A U.S. federation for health education under development boards. It supports training for health strategies nationwide.","Health, Development, Federation",,,dbfhs/development-board-federation-of-health-studies,,0,Approved,$0,2,No,,,Health Development,,2025-04-01T00:00:00Z,2025-04-01T00:00:00Z
,"DBFMS","Development Board Federation of Management Studies","A U.S. federation for management education under development boards. It promotes training for leadership nationwide.","Management, Development, Federation",,,dbfms/development-board-federation-of-management-studies,,0,Approved,$0,2,No,,,Development Management,,2025-04-01T00:00:00Z,2025-04-01T00:00:00Z
,"DBFPS","Development Board Federation of Psychology Studies","A U.S. federation for psychology education under development boards. It advances training for behavior analysis nationwide.","Psychology, Development, Federation",,,dbfps/development-board-federation-of-psychology-studies,,0,Approved,$0,2,No,,,Development Psychology,,2025-04-01T00:00:00Z,2025-04-01T00:00:00Z
,"DBFRS","Development Board Federation of Rehabilitation Studies","A U.S. federation for rehabilitation education under development boards. It promotes training for recovery nationwide.","Rehabilitation, Development, Federation",,,dbfrs/development-board-federation-of-rehabilitation-studies,,0,Approved,$0,2,No,,,Development Rehabilitation,,2025-04-01T00:00:00Z,2025-04-01T00:00:00Z
,"DBFSS","Development Board Federation of Safety Studies","A U.S. federation for safety education under development boards. It supports training for safety standards nationwide.","Safety, Development, Federation",,,dbfss/development-board-federation-of-safety-studies,,0,Approved,$0,2,No,,,Development Safety,,2025-04-01T00:00:00Z,2025-04-01T00:00:00Z
,"DBGCS","Development Board Group of Counseling Studies","A U.S. group for counseling education under development boards. It advances training for mental health support nationwide.","Counseling, Development, Group",,,dbgcs/development-board-group-of-counseling-studies,,0,Approved,$0,2,No,,,Development Counseling,,2025-04-01T00:00:00Z,2025-04-01T00:00:00Z
,"DBGFS","Development Board Group of Forensic Studies","A U.S. group for forensic education under development boards. It supports training for legal analysis nationwide.","Forensic, Development, Group",,,dbgfs/development-board-group-of-forensic-studies,,0,Approved,$0,2,No,,,Forensic Development,,2025-04-01T00:00:00Z,2025-04-01T00:00:00Z
,"DBGHS","Development Board Group of Health Studies","A U.S. group for health education under development boards. It promotes training for health strategies nationwide.","Health, Development, Group",,,dbghs/development-board-group-of-health-studies,,0,Approved,$0,2,No,,,Health Development,,2025-04-01T00:00:00Z,2025-04-01T00:00:00Z
,"DBGMS","Development Board Group of Management Studies","A U.S. group for management education under development boards. It supports training for leadership nationwide.","Management, Development, Group",,,dbgms/development-board-group-of-management-studies,,0,Approved,$0,2,No,,,Development Management,,2025-04-01T00:00:00Z,2025-04-01T00:00:00Z
,"DBGPS","Development Board Group of Psychology Studies","A U.S. group for psychology education under development boards. It advances training for behavior analysis nationwide.","Psychology, Development, Group",,,dbgps/development-board-group-of-psychology-studies,,0,Approved,$0,2,No,,,Development Psychology,,2025-04-01T00:00:00Z,2025-04-01T00:00:00Z
,"DBGRS","Development Board Group of Rehabilitation Studies","A U.S. group for rehabilitation education under development boards. It promotes training for recovery nationwide.","Rehabilitation, Development, Group",,,dbgrs/development-board-group-of-rehabilitation-studies,,0,Approved,$0,2,No,,,Development Rehabilitation,,2025-04-01T00:00:00Z,2025-04-01T00:00:00Z
,"DBGSS","Development Board Group of Safety Studies","A U.S. group for safety education under development boards. It supports training for safety standards nationwide.","Safety, Development, Group",,,dbgss/development-board-group-of-safety-studies,,0,Approved,$0,2,No,,,Development Safety,,2025-04-01T00:00:00Z,2025-04-01T00:00:00Z
,"DBI","Development Board Institute","A U.S. institute focused on education under development boards. It advances knowledge for national leaders.","Development, Institute, America",,,dbi/development-board-institute,,0,Approved,$0,2,No,,,Development,,2025-04-01T00:00:00Z,2025-04-01T00:00:00Z
,"DBICS","Development Board Institute of Counseling Studies","A U.S. institute for counseling education under development boards. It trains professionals for mental health support nationwide.","Counseling, Development, Institute",,,dbics/development-board-institute-of-counseling-studies,,0,Approved,$0,2,No,,,Development Counseling,,2025-04-01T00:00:00Z,2025-04-01T00:00:00Z
,"DBIFS","Development Board Institute of Forensic Studies","A U.S. institute for forensic education under development boards. It advances training for legal analysis nationwide.","Forensic, Development, Institute",,,dbifs/development-board-institute-of-forensic-studies,,0,Approved,$0,2,No,,,Forensic Development,,2025-04-01T00:00:00Z,2025-04-01T00:00:00Z
,"DBIHS","Development Board Institute of Health Studies","A U.S. institute offering health education under development boards. It prepares professionals for health strategies nationwide.","Health, Development, Institute",,,dbihs/development-board-institute-of-health-studies,,0,Approved,$0,2,No,,,Health Development,,2025-04-01T00:00:00Z,2025-04-01T00:00:00Z
,"DBIMS","Development Board Institute of Management Studies","A U.S. institute for management education under development boards. It trains leaders for national development settings.","Management, Development, Institute",,,dbims/development-board-institute-of-management-studies,,0,Approved,$0,2,No,,,Development Management,,2025-04-01T00:00:00Z,2025-04-01T00:00:00Z
,"DBIPS","Development Board Institute of Psychology Studies","A U.S. institute for psychology education under development boards. It advances training for behavior analysis nationwide.","Psychology, Development, Institute",,,dbips/development-board-institute-of-psychology-studies,,0,Approved,$0,2,No,,,Development Psychology,,2025-04-01T00:00:00Z,2025-04-01T00:00:00Z
,"DBIRS","Development Board Institute of Rehabilitation Studies","A U.S. institute for rehabilitation education under development boards. It prepares professionals for recovery nationwide.","Rehabilitation, Development, Institute",,,dbirs/development-board-institute-of-rehabilitation-studies,,0,Approved,$0,2,No,,,Development Rehabilitation,,2025-04-01T00:00:00Z,2025-04-01T00:00:00Z
,"DBISS","Development Board Institute of Safety Studies","A U.S. institute for safety education under development boards. It trains professionals for safety standards nationwide.","Safety, Development, Institute",,,dbiss/development-board-institute-of-safety-studies,,0,Approved,$0,2,No,,,Development Safety,,2025-04-01T00:00:00Z,2025-04-01T00:00:00Z
,"DBR","Development Board Registry","A U.S. registry for professionals under development boards. It maintains records and certifications for national initiatives.","Development, Registry, America",,,dbr/development-board-registry,,0,Approved,$0,2,No,,,Development,,2025-04-01T00:00:00Z,2025-04-01T00:00:00Z
,"DBRCS","Development Board Registry of Counseling Studies","A U.S. registry for counseling professionals under development boards. It certifies expertise for mental health support nationwide.","Counseling, Development, Registry",,,dbrcs/development-board-registry-of-counseling-studies,,0,Approved,$0,2,No,,,Development Counseling,,2025-04-01T00:00:00Z,2025-04-01T00:00:00Z
,"DBRFS","Development Board Registry of Forensic Studies","A U.S. registry for forensic professionals under development boards. It maintains certifications for legal analysis nationwide.","Forensic, Development, Registry",,,dbrfs/development-board-registry-of-forensic-studies,,0,Approved,$0,2,No,,,Forensic Development,,2025-04-01T00:00:00Z,2025-04-01T00:00:00Z
,"DBRHS","Development Board Registry of Health Studies","A U.S. registry for health professionals under development boards. It certifies expertise for health strategies nationwide.","Health, Development, Registry",,,dbrhs/development-board-registry-of-health-studies,,0,Approved,$0,2,No,,,Health Development,,2025-04-01T00:00:00Z,2025-04-01T00:00:00Z
,"DBRMS","Development Board Registry of Management Studies","A U.S. registry for management professionals under development boards. It maintains certifications for leadership nationwide.","Management, Development, Registry",,,dbrms/development-board-registry-of-management-studies,,0,Approved,$0,2,No,,,Development Management,,2025-04-01T00:00:00Z,2025-04-01T00:00:00Z
,"DBRPS","Development Board Registry of Psychology Studies","A U.S. registry for psychology professionals under development boards. It certifies expertise for behavior analysis nationwide.","Psychology, Development, Registry",,,dbrps/development-board-registry-of-psychology-studies,,0,Approved,$0,2,No,,,Development Psychology,,2025-04-01T00:00:00Z,2025-04-01T00:00:00Z
,"DBRRS","Development Board Registry of Rehabilitation Studies","A U.S. registry for rehabilitation professionals under development boards. It maintains certifications for recovery nationwide.","Rehabilitation, Development, Registry",,,dbrrs/development-board-registry-of-rehabilitation-studies,,0,Approved,$0,2,No,,,Development Rehabilitation,,2025-04-01T00:00:00Z,2025-04-01T00:00:00Z
,"DBRSS","Development Board Registry of Safety Studies","A U.S. registry for safety professionals under development boards. It certifies expertise for safety standards nationwide.","Safety, Development, Registry",,,dbrss/development-board-registry-of-safety-studies,,0,Approved,$0,2,No,,,Development Safety,,2025-04-01T00:00:00Z,2025-04-01T00:00:00Z
,"DBS","Development Board Society","A U.S. society supporting development boards nationwide. It promotes education and growth for national leaders.","Development, Society, America",,,dbs/development-board-society,,0,Approved,$0,2,No,,,Development,,2025-04-01T00:00:00Z,2025-04-01T00:00:00Z
,"DBSCS","Development Board Society of Counseling Studies","A U.S. society for counseling education under development boards. It advances training for mental health support nationwide.","Counseling, Development, Society",,,dbscs/development-board-society-of-counseling-studies,,0,Approved,$0,2,No,,,Development Counseling,,2025-04-01T00:00:00Z,2025-04-01T00:00:00Z
,"DBSFS","Development Board Society of Forensic Studies","A U.S. society for forensic education under development boards. It supports training for legal analysis nationwide.","Forensic, Development, Society",,,dbsfs/development-board-society-of-forensic-studies,,0,Approved,$0,2,No,,,Forensic Development,,2025-04-01T00:00:00Z,2025-04-01T00:00:00Z
,"DBSHS","Development Board Society of Health Studies","A U.S. society for health education under development boards. It promotes training for health strategies nationwide.","Health, Development, Society",,,dbshs/development-board-society-of-health-studies,,0,Approved,$0,2,No,,,Health Development,,2025-04-01T00:00:00Z,2025-04-01T00:00:00Z
,"DBSMS","Development Board Society of Management Studies","A U.S. society for management education under development boards. It supports training for leadership nationwide.","Management, Development, Society",,,dbsms/development-board-society-of-management-studies,,0,Approved,$0,2,No,,,Development Management,,2025-04-01T00:00:00Z,2025-04-01T00:00:00Z
,"DBSPS","Development Board Society of Psychology Studies","A U.S. society for psychology education under development boards. It advances training for behavior analysis nationwide.","Psychology, Development, Society",,,dbsps/development-board-society-of-psychology-studies,,0,Approved,$0,2,No,,,Development Psychology,,2025-04-01T00:00:00Z,2025-04-01T00:00:00Z
,"DBSRS","Development Board Society of Rehabilitation Studies","A U.S. society for rehabilitation education under development boards. It promotes training for recovery nationwide.","Rehabilitation, Development, Society",,,dbsrs/development-board-society-of-rehabilitation-studies,,0,Approved,$0,2,No,,,Development Rehabilitation,,2025-04-01T00:00:00Z,2025-04-01T00:00:00Z
,"DBSSS","Development Board Society of Safety Studies","A U.S. society for safety education under development boards. It supports training for safety standards nationwide.","Safety, Development, Society",,,dbsss/development-board-society-of-safety-studies,,0,Approved,$0,2,No,,,Development Safety,,2025-04-01T00:00:00Z,2025-04-01T00:00:00Z
,"DBVCS","Development Board Volunteers of Counseling Studies","A U.S. volunteer group for counseling education under development boards. It advances training for mental health support nationwide.","Counseling, Development, Volunteer",,,dbvcs/development-board-volunteers-of-counseling-studies,,0,Approved,$0,2,No,,,Development Counseling,,2025-04-01T00:00:00Z,2025-04-01T00:00:00Z
,"DBVFS","Development Board Volunteers of Forensic Studies","A U.S. volunteer group for forensic education under development boards. It supports training for legal analysis nationwide.","Forensic, Development, Volunteer",,,dbvfs/development-board-volunteers-of-forensic-studies,,0,Approved,$0,2,No,,,Forensic Development,,2025-04-01T00:00:00Z,2025-04-01T00:00:00Z
,"DBVHS","Development Board Volunteers of Health Studies","A U.S. volunteer group for health education under development boards. It promotes training for health strategies nationwide.","Health, Development, Volunteer",,,dbvhs/development-board-volunteers-of-health-studies,,0,Approved,$0,2,No,,,Health Development,,2025-04-01T00:00:00Z,2025-04-01T00:00:00Z
,"DBVMS","Development Board Volunteers of Management Studies","A U.S. volunteer group for management education under development boards. It supports training for leadership nationwide.","Management, Development, Volunteer",,,dbvms/development-board-volunteers-of-management-studies,,0,Approved,$0,2,No,,,Development Management,,2025-04-01T00:00:00Z,2025-04-01T00:00:00Z
,"DBVPS","Development Board Volunteers of Psychology Studies","A U.S. volunteer group for psychology education under development boards. It advances training for behavior analysis nationwide.","Psychology, Development, Volunteer",,,dbvps/development-board-volunteers-of-psychology-studies,,0,Approved,$0,2,No,,,Development Psychology,,2025-04-01T00:00:00Z,2025-04-01T00:00:00Z
,"DBVRS","Development Board Volunteers of Rehabilitation Studies","A U.S. volunteer group for rehabilitation education under development boards. It promotes training for recovery nationwide.","Rehabilitation, Development, Volunteer",,,dbvrs/development-board-volunteers-of-rehabilitation-studies,,0,Approved,$0,2,No,,,Development Rehabilitation,,2025-04-01T00:00:00Z,2025-04-01T00:00:00Z
,"DBVSS","Development Board Volunteers of Safety Studies","A U.S. volunteer group for safety education under development boards. It supports training for safety standards nationwide.","Safety, Development, Volunteer",,,dbvss/development-board-volunteers-of-safety-studies,,0,Approved,$0,2,No,,,Development Safety,,2025-04-01T00:00:00Z,2025-04-01T00:00:00Z
,"DBWCS","Development Board Workers of Counseling Studies","A U.S. group for counseling workers under development boards. It advances training for mental health support nationwide.","Counseling, Development, Workers",,,dbwcs/development-board-workers-of-counseling-studies,,0,Approved,$0,2,No,,,Development Counseling,,2025-04-01T00:00:00Z,2025-04-01T00:00:00Z
,"DBWFS","Development Board Workers of Forensic Studies","A U.S. group for forensic workers under development boards. It supports training for legal analysis nationwide.","Forensic, Development, Workers",,,dbwfs/development-board-workers-of-forensic-studies,,0,Approved,$0,2,No,,,Forensic Development,,2025-04-01T00:00:00Z,2025-04-01T00:00:00Z
,"DBWHS","Development Board Workers of Health Studies","A U.S. group for health workers under development boards. It promotes training for health strategies nationwide.","Health, Development, Workers",,,dbwhs/development-board-workers-of-health-studies,,0,Approved,$0,2,No,,,Health Development,,2025-04-01T00:00:00Z,2025-04-01T00:00:00Z
,"DBWMS","Development Board Workers of Management Studies","A U.S. group for management workers under development boards. It supports training for leadership nationwide.","Management, Development, Workers",,,dbwms/development-board-workers-of-management-studies,,0,Approved,$0,2,No,,,Development Management,,2025-04-01T00:00:00Z,2025-04-01T00:00:00Z
,"DBWPS","Development Board Workers of Psychology Studies","A U.S. group for psychology workers under development boards. It advances training for behavior analysis nationwide.","Psychology, Development, Workers",,,dbwps/development-board-workers-of-psychology-studies,,0,Approved,$0,2,No,,,Development Psychology,,2025-04-01T00:00:00Z,2025-04-01T00:00:00Z
,"DBWRS","Development Board Workers of Rehabilitation Studies","A U.S. group for rehabilitation workers under development boards. It promotes training for recovery nationwide.","Rehabilitation, Development, Workers",,,dbwrs/development-board-workers-of-rehabilitation-studies,,0,Approved,$0,2,No,,,Development Rehabilitation,,2025-04-01T00:00:00Z,2025-04-01T00:00:00Z
,"DBWSS","Development Board Workers of Safety Studies","A U.S. group for safety workers under development boards. It supports training for safety standards nationwide.","Safety, Development, Workers",,,dbwss/development-board-workers-of-safety-studies,,0,Approved,$0,2,No,,,Development Safety,,2025-04-01T00:00:00Z,2025-04-01T00:00:00Z
,"DCA","Development Council of America","A U.S. council guiding national development initiatives. It promotes education and strategies for community leaders.","Development, Council, America",,,dca/development-council-of-america,,0,Approved,$0,2,No,,,Development,,2025-04-01T00:00:00Z,2025-04-01T00:00:00Z
,"DCACS","Development Council of America Counseling Studies","A U.S. council for counseling education in development contexts. It advances training for mental health support nationwide.","Counseling, Development, Council",,,dcacs/development-council-of-america-counseling-studies,,0,Approved,$0,2,No,,,Development Counseling,,2025-04-01T00:00:00Z,2025-04-01T00:00:00Z
,"DCAFS","Development Council of America Forensic Studies","A U.S. council for forensic education in development contexts. It supports training for legal analysis nationwide.","Forensic, Development, Council",,,dcafs/development-council-of-america-forensic-studies,,0,Approved,$0,2,No,,,Forensic Development,,2025-04-01T00:00:00Z,2025-04-01T00:00:00Z
,"DCAHS","Development Council of America Health Studies","A U.S. council for health education in development contexts. It promotes training for health strategies nationwide.","Health, Development, Council",,,dcahs/development-council-of-america-health-studies,,0,Approved,$0,2,No,,,Health Development,,2025-04-01T00:00:00Z,2025-04-01T00:00:00Z
,"DCAMS","Development Council of America Management Studies","A U.S. council for management education in development contexts. It supports training for leadership nationwide.","Management, Development, Council",,,dcams/development-council-of-america-management-studies,,0,Approved,$0,2,No,,,Development Management,,2025-04-01T00:00:00Z,2025-04-01T00:00:00Z
,"DCAPS","Development Council of America Psychology Studies","A U.S. council for psychology education in development contexts. It advances training for behavior analysis nationwide.","Psychology, Development, Council",,,dcaps/development-council-of-america-psychology-studies,,0,Approved,$0,2,No,,,Development Psychology,,2025-04-01T00:00:00Z,2025-04-01T00:00:00Z
,"DCARS","Development Council of America Rehabilitation Studies","A U.S. council for rehabilitation education in development contexts. It promotes training for recovery nationwide.","Rehabilitation, Development, Council",,,dcars/development-council-of-america-rehabilitation-studies,,0,Approved,$0,2,No,,,Development Rehabilitation,,2025-04-01T00:00:00Z,2025-04-01T00:00:00Z
,"DCASS","Development Council of America Safety Studies","A U.S. council for safety education in development contexts. It supports training for safety standards nationwide.","Safety, Development, Council",,,dcass/development-council-of-america-safety-studies,,0,Approved,$0,2,No,,,Development Safety,,2025-04-01T00:00:00Z,2025-04-01T00:00:00Z
,"DCCCS","Development Council College of Counseling Studies","A U.S. college offering counseling education under a development council. It trains professionals for mental health support nationwide.","Counseling, Development, Education",,,dcccs/development-council-college-of-counseling-studies,,0,Approved,$0,2,No,,,Development Counseling,,2025-04-01T00:00:00Z,2025-04-01T00:00:00Z
,"DCCFS","Development Council College of Forensic Studies","A U.S. college focused on forensic education under a development council. It prepares professionals for legal analysis nationwide.","Forensic, Development, Education",,,dccfs/development-council-college-of-forensic-studies,,0,Approved,$0,2,No,,,Forensic Development,,2025-04-01T00:00:00Z,2025-04-01T00:00:00Z
,"DCCHS","Development Council College of Health Studies","A U.S. college offering health education under a development council. It trains professionals for health strategies nationwide.","Health, Development, Education",,,dcchs/development-council-college-of-health-studies,,0,Approved,$0,2,No,,,Health Development,,2025-04-01T00:00:00Z,2025-04-01T00:00:00Z
,"DCCMS","Development Council College of Management Studies","A U.S. college focused on management education under a development council. It prepares leaders for national development settings.","Management, Development, Education",,,dccms/development-council-college-of-management-studies,,0,Approved,$0,2,No,,,Development Management,,2025-04-01T00:00:00Z,2025-04-01T00:00:00Z
,"DCCPS","Development Council College of Psychology Studies","A U.S. college offering psychology education under a development council. It trains professionals for behavior analysis nationwide.","Psychology, Development, Education",,,dccps/development-council-college-of-psychology-studies,,0,Approved,$0,2,No,,,Development Psychology,,2025-04-01T00:00:00Z,2025-04-01T00:00:00Z
,"DCCRS","Development Council College of Rehabilitation Studies","A U.S. college focused on rehabilitation education under a development council. It prepares professionals for recovery nationwide.","Rehabilitation, Development, Education",,,dccrs/development-council-college-of-rehabilitation-studies,,0,Approved,$0,2,No,,,Development Rehabilitation,,2025-04-01T00:00:00Z,2025-04-01T00:00:00Z
,"DCCSS","Development Council College of Safety Studies","A U.S. college offering safety education under a development council. It trains professionals for safety standards nationwide.","Safety, Development, Education",,,dccss/development-council-college-of-safety-studies,,0,Approved,$0,2,No,,,Development Safety,,2025-04-01T00:00:00Z,2025-04-01T00:00:00Z
,"DCF","Development Council Federation","A U.S. federation uniting development councils nationwide. It advocates for education and growth in development initiatives.","Development, Federation, America",,,dcf/development-council-federation,,0,Approved,$0,2,No,,,Development,,2025-04-01T00:00:00Z,2025-04-01T00:00:00Z
,"DCFCS","Development Council Federation of Counseling Studies","A U.S. federation for counseling education under development councils. It promotes training for mental health support nationwide.","Counseling, Development, Federation",,,dcfcs/development-council-federation-of-counseling-studies,,0,Approved,$0,2,No,,,Development Counseling,,2025-04-01T00:00:00Z,2025-04-01T00:00:00Z
,"DCFFS","Development Council Federation of Forensic Studies","A U.S. federation for forensic education under development councils. It advances training for legal analysis nationwide.","Forensic, Development, Federation",,,dcffs/development-council-federation-of-forensic-studies,,0,Approved,$0,2,No,,,Forensic Development,,2025-04-01T00:00:00Z,2025-04-01T00:00:00Z
,"DCFHS","Development Council Federation of Health Studies","A U.S. federation for health education under development councils. It supports training for health strategies nationwide.","Health, Development, Federation",,,dcfhs/development-council-federation-of-health-studies,,0,Approved,$0,2,No,,,Health Development,,2025-04-01T00:00:00Z,2025-04-01T00:00:00Z
,"DCFMS","Development Council Federation of Management Studies","A U.S. federation for management education under development councils. It promotes training for leadership nationwide.","Management, Development, Federation",,,dcfms/development-council-federation-of-management-studies,,0,Approved,$0,2,No,,,Development Management,,2025-04-01T00:00:00Z,2025-04-01T00:00:00Z
,"DCFPS","Development Council Federation of Psychology Studies","A U.S. federation for psychology education under development councils. It advances training for behavior analysis nationwide.","Psychology, Development, Federation",,,dcfps/development-council-federation-of-psychology-studies,,0,Approved,$0,2,No,,,Development Psychology,,2025-04-01T00:00:00Z,2025-04-01T00:00:00Z
,"DCFRS","Development Council Federation of Rehabilitation Studies","A U.S. federation for rehabilitation education under development councils. It promotes training for recovery nationwide.","Rehabilitation, Development, Federation",,,dcfrs/development-council-federation-of-rehabilitation-studies,,0,Approved,$0,2,No,,,Development Rehabilitation,,2025-04-01T00:00:00Z,2025-04-01T00:00:00Z
,"DCFSS","Development Council Federation of Safety Studies","A U.S. federation for safety education under development councils. It supports training for safety standards nationwide.","Safety, Development, Federation",,,dcfss/development-council-federation-of-safety-studies,,0,Approved,$0,2,No,,,Development Safety,,2025-04-01T00:00:00Z,2025-04-01T00:00:00Z
,"DCGCS","Development Council Group of Counseling Studies","A U.S. group for counseling education under development councils. It advances training for mental health support nationwide.","Counseling, Development, Group",,,dcgcs/development-council-group-of-counseling-studies,,0,Approved,$0,2,No,,,Development Counseling,,2025-04-01T00:00:00Z,2025-04-01T00:00:00Z
,"DCGFS","Development Council Group of Forensic Studies","A U.S. group for forensic education under development councils. It supports training for legal analysis nationwide.","Forensic, Development, Group",,,dcgfs/development-council-group-of-forensic-studies,,0,Approved,$0,2,No,,,Forensic Development,,2025-04-01T00:00:00Z,2025-04-01T00:00:00Z
,"DCGHS","Development Council Group of Health Studies","A U.S. group for health education under development councils. It promotes training for health strategies nationwide.","Health, Development, Group",,,dcghs/development-council-group-of-health-studies,,0,Approved,$0,2,No,,,Health Development,,2025-04-01T00:00:00Z,2025-04-01T00:00:00Z
,"DCGMS","Development Council Group of Management Studies","A U.S. group for management education under development councils. It supports training for leadership nationwide.","Management, Development, Group",,,dcgms/development-council-group-of-management-studies,,0,Approved,$0,2,No,,,Development Management,,2025-04-01T00:00:00Z,2025-04-01T00:00:00Z
,"DCGPS","Development Council Group of Psychology Studies","A U.S. group for psychology education under development councils. It advances training for behavior analysis nationwide.","Psychology, Development, Group",,,dcgps/development-council-group-of-psychology-studies,,0,Approved,$0,2,No,,,Development Psychology,,2025-04-01T00:00:00Z,2025-04-01T00:00:00Z
,"DCGRS","Development Council Group of Rehabilitation Studies","A U.S. group for rehabilitation education under development councils. It promotes training for recovery nationwide.","Rehabilitation, Development, Group",,,dcgrs/development-council-group-of-rehabilitation-studies,,0,Approved,$0,2,No,,,Development Rehabilitation,,2025-04-01T00:00:00Z,2025-04-01T00:00:00Z
,"DCGSS","Development Council Group of Safety Studies","A U.S. group for safety education under development councils. It supports training for safety standards nationwide.","Safety, Development, Group",,,dcgss/development-council-group-of-safety-studies,,0,Approved,$0,2,No,,,Development Safety,,2025-04-01T00:00:00Z,2025-04-01T00:00:00Z
,"DCI","Development Council Institute","A U.S. institute focused on education under development councils. It advances knowledge for national leaders.","Development, Institute, America",,,dci/development-council-institute,,0,Approved,$0,2,No,,,Development,,2025-04-01T00:00:00Z,2025-04-01T00:00:00Z
,"DCICS","Development Council Institute of Counseling Studies","A U.S. institute for counseling education under development councils. It trains professionals for mental health support nationwide.","Counseling, Development, Institute",,,dcics/development-council-institute-of-counseling-studies,,0,Approved,$0,2,No,,,Development Counseling,,2025-04-01T00:00:00Z,2025-04-01T00:00:00Z
,"DCIFS","Development Council Institute of Forensic Studies","A U.S. institute for forensic education under development councils. It advances training for legal analysis nationwide.","Forensic, Development, Institute",,,dcifs/development-council-institute-of-forensic-studies,,0,Approved,$0,2,No,,,Forensic Development,,2025-04-01T00:00:00Z,2025-04-01T00:00:00Z
,"DCIHS","Development Council Institute of Health Studies","A U.S. institute offering health education under development councils. It prepares professionals for health strategies nationwide.","Health, Development, Institute",,,dcihs/development-council-institute-of-health-studies,,0,Approved,$0,2,No,,,Health Development,,2025-04-01T00:00:00Z,2025-04-01T00:00:00Z
,"DCIMS","Development Council Institute of Management Studies","A U.S. institute for management education under development councils. It trains leaders for national development settings.","Management, Development, Institute",,,dcims/development-council-institute-of-management-studies,,0,Approved,$0,2,No,,,Development Management,,2025-04-01T00:00:00Z,2025-04-01T00:00:00Z
,"DCIPS","Development Council Institute of Psychology Studies","A U.S. institute for psychology education under development councils. It advances training for behavior analysis nationwide.","Psychology, Development, Institute",,,dcips/development-council-institute-of-psychology-studies,,0,Approved,$0,2,No,,,Development Psychology,,2025-04-01T00:00:00Z,2025-04-01T00:00:00Z
,"DCIRS","Development Council Institute of Rehabilitation Studies","A U.S. institute for rehabilitation education under development councils. It prepares professionals for recovery nationwide.","Rehabilitation, Development, Institute",,,dcirs/development-council-institute-of-rehabilitation-studies,,0,Approved,$0,2,No,,,Development Rehabilitation,,2025-04-01T00:00:00Z,2025-04-01T00:00:00Z
,"DCISS","Development Council Institute of Safety Studies","A U.S. institute for safety education under development councils. It trains professionals for safety standards nationwide.","Safety, Development, Institute",,,dciss/development-council-institute-of-safety-studies,,0,Approved,$0,2,No,,,Development Safety,,2025-04-01T00:00:00Z,2025-04-01T00:00:00Z
,"DCR","Development Council Registry","A U.S. registry for professionals under development councils. It maintains records and certifications for national initiatives.","Development, Registry, America",,,dcr/development-council-registry,,0,Approved,$0,2,No,,,Development,,2025-04-01T00:00:00Z,2025-04-01T00:00:00Z
,"DCRCS","Development Council Registry of Counseling Studies","A U.S. registry for counseling professionals under development councils. It certifies expertise for mental health support nationwide.","Counseling, Development, Registry",,,dcrcs/development-council-registry-of-counseling-studies,,0,Approved,$0,2,No,,,Development Counseling,,2025-04-01T00:00:00Z,2025-04-01T00:00:00Z
,"DCRFS","Development Council Registry of Forensic Studies","A U.S. registry for forensic professionals under development councils. It maintains certifications for legal analysis nationwide.","Forensic, Development, Registry",,,dcrfs/development-council-registry-of-forensic-studies,,0,Approved,$0,2,No,,,Forensic Development,,2025-04-01T00:00:00Z,2025-04-01T00:00:00Z
,"DCRHS","Development Council Registry of Health Studies","A U.S. registry for health professionals under development councils. It certifies expertise for health strategies nationwide.","Health, Development, Registry",,,dcrhs/development-council-registry-of-health-studies,,0,Approved,$0,2,No,,,Health Development,,2025-04-01T00:00:00Z,2025-04-01T00:00:00Z
,"DCRMS","Development Council Registry of Management Studies","A U.S. registry for management professionals under development councils. It maintains certifications for leadership nationwide.","Management, Development, Registry",,,dcrms/development-council-registry-of-management-studies,,0,Approved,$0,2,No,,,Development Management,,2025-04-01T00:00:00Z,2025-04-01T00:00:00Z
,"DCRPS","Development Council Registry of Psychology Studies","A U.S. registry for psychology professionals under development councils. It certifies expertise for behavior analysis nationwide.","Psychology, Development, Registry",,,dcrps/development-council-registry-of-psychology-studies,,0,Approved,$0,2,No,,,Development Psychology,,2025-04-01T00:00:00Z,2025-04-01T00:00:00Z
,"DCRRS","Development Council Registry of Rehabilitation Studies","A U.S. registry for rehabilitation professionals under development councils. It maintains certifications for recovery nationwide.","Rehabilitation, Development, Registry",,,dcrrs/development-council-registry-of-rehabilitation-studies,,0,Approved,$0,2,No,,,Development Rehabilitation,,2025-04-01T00:00:00Z,2025-04-01T00:00:00Z
,"DCRSS","Development Council Registry of Safety Studies","A U.S. registry for safety professionals under development councils. It certifies expertise for safety standards nationwide.","Safety, Development, Registry",,,dcrss/development-council-registry-of-safety-studies,,0,Approved,$0,2,No,,,Development Safety,,2025-04-01T00:00:00Z,2025-04-01T00:00:00Z
,"DCS","Development Council Society","A U.S. society supporting development councils nationwide. It promotes education and growth for national leaders.","Development, Society, America",,,dcs/development-council-society,,0,Approved,$0,2,No,,,Development,,2025-04-01T00:00:00Z,2025-04-01T00:00:00Z
,"DCSCS","Development Council Society of Counseling Studies","A U.S. society for counseling education under development councils. It advances training for mental health support nationwide.","Counseling, Development, Society",,,dcscs/development-council-society-of-counseling-studies,,0,Approved,$0,2,No,,,Development Counseling,,2025-04-01T00:00:00Z,2025-04-01T00:00:00Z
,"DCSFS","Development Council Society of Forensic Studies","A U.S. society for forensic education under development councils. It supports training for legal analysis nationwide.","Forensic, Development, Society",,,dcsfs/development-council-society-of-forensic-studies,,0,Approved,$0,2,No,,,Forensic Development,,2025-04-01T00:00:00Z,2025-04-01T00:00:00Z
,"DCSHS","Development Council Society of Health Studies","A U.S. society for health education under development councils. It promotes training for health strategies nationwide.","Health, Development, Society",,,dcshs/development-council-society-of-health-studies,,0,Approved,$0,2,No,,,Health Development,,2025-04-01T00:00:00Z,2025-04-01T00:00:00Z
,"DCSMS","Development Council Society of Management Studies","A U.S. society for management education under development councils. It supports training for leadership nationwide.","Management, Development, Society",,,dcsms/development-council-society-of-management-studies,,0,Approved,$0,2,No,,,Development Management,,2025-04-01T00:00:00Z,2025-04-01T00:00:00Z
,"DCSPS","Development Council Society of Psychology Studies","A U.S. society for psychology education under development councils. It advances training for behavior analysis nationwide.","Psychology, Development, Society",,,dcsps/development-council-society-of-psychology-studies,,0,Approved,$0,2,No,,,Development Psychology,,2025-04-01T00:00:00Z,2025-04-01T00:00:00Z
,"DCSRS","Development Council Society of Rehabilitation Studies","A U.S. society for rehabilitation education under development councils. It promotes training for recovery nationwide.","Rehabilitation, Development, Society",,,dcsrs/development-council-society-of-rehabilitation-studies,,0,Approved,$0,2,No,,,Development Rehabilitation,,2025-04-01T00:00:00Z,2025-04-01T00:00:00Z
,"DCSSS","Development Council Society of Safety Studies","A U.S. society for safety education under development councils. It supports training for safety standards nationwide.","Safety, Development, Society",,,dcsss/development-council-society-of-safety-studies,,0,Approved,$0,2,No,,,Development Safety,,2025-04-01T00:00:00Z,2025-04-01T00:00:00Z
,"DCVCS","Development Council Volunteers of Counseling Studies","A U.S. volunteer group for counseling education under development councils. It advances training for mental health support nationwide.","Counseling, Development, Volunteer",,,dcvcs/development-council-volunteers-of-counseling-studies,,0,Approved,$0,2,No,,,Development Counseling,,2025-04-01T00:00:00Z,2025-04-01T00:00:00Z
,"DCVFS","Development Council Volunteers of Forensic Studies","A U.S. volunteer group for forensic education under development councils. It supports training for legal analysis nationwide.","Forensic, Development, Volunteer",,,dcvfs/development-council-volunteers-of-forensic-studies,,0,Approved,$0,2,No,,,Forensic Development,,2025-04-01T00:00:00Z,2025-04-01T00:00:00Z
,"DCVHS","Development Council Volunteers of Health Studies","A U.S. volunteer group for health education under development councils. It promotes training for health strategies nationwide.","Health, Development, Volunteer",,,dcvhs/development-council-volunteers-of-health-studies,,0,Approved,$0,2,No,,,Health Development,,2025-04-01T00:00:00Z,2025-04-01T00:00:00Z
,"DCVMS","Development Council Volunteers of Management Studies","A U.S. volunteer group for management education under development councils. It supports training for leadership nationwide.","Management, Development, Volunteer",,,dcvms/development-council-volunteers-of-management-studies,,0,Approved,$0,2,No,,,Development Management,,2025-04-01T00:00:00Z,2025-04-01T00:00:00Z
,"DCVPS","Development Council Volunteers of Psychology Studies","A U.S. volunteer group for psychology education under development councils. It advances training for behavior analysis nationwide.","Psychology, Development, Volunteer",,,dcvps/development-council-volunteers-of-psychology-studies,,0,Approved,$0,2,No,,,Development Psychology,,2025-04-01T00:00:00Z,2025-04-01T00:00:00Z
,"DCVRS","Development Council Volunteers of Rehabilitation Studies","A U.S. volunteer group for rehabilitation education under development councils. It promotes training for recovery nationwide.","Rehabilitation, Development, Volunteer",,,dcvrs/development-council-volunteers-of-rehabilitation-studies,,0,Approved,$0,2,No,,,Development Rehabilitation,,2025-04-01T00:00:00Z,2025-04-01T00:00:00Z
,"DCVSS","Development Council Volunteers of Safety Studies","A U.S. volunteer group for safety education under development councils. It supports training for safety standards nationwide.","Safety, Development, Volunteer",,,dcvss/development-council-volunteers-of-safety-studies,,0,Approved,$0,2,No,,,Development Safety,,2025-04-01T00:00:00Z,2025-04-01T00:00:00Z
,"DCWCS","Development Council Workers of Counseling Studies","A U.S. group for counseling workers under development councils. It advances training for mental health support nationwide.","Counseling, Development, Workers",,,dcwcs/development-council-workers-of-counseling-studies,,0,Approved,$0,2,No,,,Development Counseling,,2025-04-01T00:00:00Z,2025-04-01T00:00:00Z
,"DCWFS","Development Council Workers of Forensic Studies","A U.S. group for forensic workers under development councils. It supports training for legal analysis nationwide.","Forensic, Development, Workers",,,dcwfs/development-council-workers-of-forensic-studies,,0,Approved,$0,2,No,,,Forensic Development,,2025-04-01T00:00:00Z,2025-04-01T00:00:00Z
,"DCWHS","Development Council Workers of Health Studies","A U.S. group for health workers under development councils. It promotes training for health strategies nationwide.","Health, Development, Workers",,,dcwhs/development-council-workers-of-health-studies,,0,Approved,$0,2,No,,,Health Development,,2025-04-01T00:00:00Z,2025-04-01T00:00:00Z
,"DCWMS","Development Council Workers of Management Studies","A U.S. group for management workers under development councils. It supports training for leadership nationwide.","Management, Development, Workers",,,dcwms/development-council-workers-of-management-studies,,0,Approved,$0,2,No,,,Development Management,,2025-04-01T00:00:00Z,2025-04-01T00:00:00Z
,"DCWPS","Development Council Workers of Psychology Studies","A U.S. group for psychology workers under development councils. It advances training for behavior analysis nationwide.","Psychology, Development, Workers",,,dcwps/development-council-workers-of-psychology-studies,,0,Approved,$0,2,No,,,Development Psychology,,2025-04-01T00:00:00Z,2025-04-01T00:00:00Z
,"DCWRS","Development Council Workers of Rehabilitation Studies","A U.S. group for rehabilitation workers under development councils. It promotes training for recovery nationwide.","Rehabilitation, Development, Workers",,,dcwrs/development-council-workers-of-rehabilitation-studies,,0,Approved,$0,2,No,,,Development Rehabilitation,,2025-04-01T00:00:00Z,2025-04-01T00:00:00Z
,"DCWSS","Development Council Workers of Safety Studies","A U.S. group for safety workers under development councils. It supports training for safety standards nationwide.","Safety, Development, Workers",,,dcwss/development-council-workers-of-safety-studies,,0,Approved,$0,2,No,,,Development Safety,,2025-04-01T00:00:00Z,2025-04-01T00:00:00Z